<aetgt:getResponse xmlns:aetgt="http://schemas.active-endpoints.com/appmodules/repository/2010/10/avrepository.xsd"
                   xmlns:types1="http://schemas.active-endpoints.com/appmodules/repository/2010/10/avrepository.xsd">
   <types1:Item>
      <types1:EntryId>qPiTk08jIw8jIw8-gt-47040-2019-06-06T11:36:21.258Z::pd.xml</types1:EntryId>
      <types1:Name>CHS_Incident_Create_Or_Update_Sub_Process</types1:Name>
      <types1:ParentFlowIds>xhFdw8jIw8jIw8j-gt-14742256-2019-06-11T18:58:17.37Z::pd.xml</types1:ParentFlowIds>
      <types1:MimeType>application/xml+process</types1:MimeType>
      <types1:Description/>
      <types1:AppliesTo/>
      <types1:Tags>.anonymous</types1:Tags>
      <types1:VersionLabel>1.0</types1:VersionLabel>
      <types1:State>CURRENT</types1:State>
      <types1:ProcessGroup/>
      <types1:CreatedBy>luppalanchi@athenahealth.com.dev</types1:CreatedBy>
      <types1:CreationDate>2019-06-06T11:36:21Z</types1:CreationDate>
      <types1:ModifiedBy>rkalaga@athenahealth.com.dev</types1:ModifiedBy>
      <types1:ModificationDate>2019-06-13T18:58:45Z</types1:ModificationDate>
      <types1:PublicationStatus>published</types1:PublicationStatus>
      <types1:PublishedBy>rkalaga@athenahealth.com.dev</types1:PublishedBy>
      <types1:PublicationDate>2019-06-13T19:03:31Z</types1:PublicationDate>
      <types1:PublishedContributionId>project:/spi.CHS_Incident_Create_Or_Update_Sub_Process/CHS_Incident_Create_Or_Update_Sub_Process.pd.xml</types1:PublishedContributionId>
      <types1:AutosaveExists>false</types1:AutosaveExists>
      <types1:Entry>
         <process xmlns="http://schemas.active-endpoints.com/appmodules/screenflow/2010/10/avosScreenflow.xsd"
                  xmlns:list="urn:activevos:spi:list:functions"
                  displayName="CHS_Incident_Create_Or_Update_Sub_Process"
                  name="CHS_Incident_Create_Or_Update_Sub_Process">
            <appliesTo/>
            <description/>
            <tags>.anonymous</tags>
            <generator>Informatica Process Designer 11</generator>
            <input>
               <parameter description="" name="Case_Id" type="string">
                  <options>
                     <option name="required">false</option>
                  </options>
               </parameter>
               <parameter description="" name="Is_Deleted" type="string">
                  <options>
                     <option name="required">false</option>
                  </options>
               </parameter>
               <parameter description="" name="Case_Number" type="string">
                  <options>
                     <option name="required">false</option>
                  </options>
               </parameter>
               <parameter description="" name="Owner_Id" type="string">
                  <options>
                     <option name="required">false</option>
                  </options>
               </parameter>
               <parameter description="" name="Contact_Id" type="string">
                  <options>
                     <option name="required">false</option>
                  </options>
               </parameter>
               <parameter description="" name="Account_Id" type="string">
                  <options>
                     <option name="required">false</option>
                  </options>
               </parameter>
               <parameter description="" name="Asset_Id" type="string">
                  <options>
                     <option name="required">false</option>
                  </options>
               </parameter>
               <parameter description="" name="Product_Id" type="string">
                  <options>
                     <option name="required">false</option>
                  </options>
               </parameter>
               <parameter description="" name="Case_Type" type="string">
                  <options>
                     <option name="required">false</option>
                  </options>
               </parameter>
               <parameter description="" name="Case_Status" type="string">
                  <options>
                     <option name="required">false</option>
                  </options>
               </parameter>
               <parameter description="" name="Case_Reason" type="string">
                  <options>
                     <option name="required">false</option>
                  </options>
               </parameter>
               <parameter description="" name="Subject" type="string">
                  <options>
                     <option name="required">false</option>
                  </options>
               </parameter>
               <parameter description="" name="Case_Priority" type="string">
                  <options>
                     <option name="required">false</option>
                  </options>
               </parameter>
               <parameter description="" name="Case_Description" type="string">
                  <options>
                     <option name="required">false</option>
                  </options>
               </parameter>
               <parameter description="" name="Is_Closed" type="string">
                  <options>
                     <option name="required">false</option>
                  </options>
               </parameter>
               <parameter description="" name="Created_By_Id" type="string">
                  <options>
                     <option name="required">false</option>
                  </options>
               </parameter>
               <parameter description="" name="Created_Date" type="string">
                  <options>
                     <option name="required">false</option>
                  </options>
               </parameter>
               <parameter description="" name="Contact_Phone" type="string">
                  <options>
                     <option name="required">false</option>
                  </options>
               </parameter>
               <parameter description="" name="Comments" type="string">
                  <options>
                     <option name="required">false</option>
                  </options>
               </parameter>
               <parameter description="" name="CaseExch_Incident_Number__C" type="string">
                  <options>
                     <option name="required">false</option>
                  </options>
               </parameter>
               <parameter description="" name="CaseExch_Sys_Id__c" type="string">
                  <options>
                     <option name="required">false</option>
                  </options>
               </parameter>
               <parameter description="" name="Case_Owner_Name" type="string">
                  <options>
                     <option name="required">false</option>
                  </options>
               </parameter>
               <parameter description="" name="Case_Owner_User_Name" type="string">
                  <options>
                     <option name="required">false</option>
                  </options>
               </parameter>
               <parameter description="" name="Case _Owner_Email" type="string">
                  <options>
                     <option name="required">false</option>
                  </options>
               </parameter>
               <parameter description="" name="Case_Owner_Phone" type="string">
                  <options>
                     <option name="required">false</option>
                  </options>
               </parameter>
               <parameter description="" name="Context_ID__c" type="string">
                  <options>
                     <option name="required">false</option>
                  </options>
               </parameter>
               <parameter description="" name="Severity__c" type="string">
                  <options>
                     <option name="required">false</option>
                  </options>
               </parameter>
               <parameter description="" name="LastModifiedDate" type="string">
                  <options>
                     <option name="required">false</option>
                  </options>
               </parameter>
               <parameter description="" name="Session_Id" type="string">
                  <options>
                     <option name="required">false</option>
                  </options>
               </parameter>
               <parameter description="" name="Created_By" type="string">
                  <options>
                     <option name="required">false</option>
                  </options>
               </parameter>
            </input>
            <tempFields>
               <field description="" name="Lenght_Of_Sys_Id" type="string">
                  <options>
                     <option name="required">false</option>
                  </options>
               </field>
            </tempFields>
            <notes/>
            <deployment suspendOnFault="false" tracingLevel="verbose">
               <rest>
                  <allowAnonymousAccess/>
               </rest>
            </deployment>
            <flow id="a">
               <start id="b">
                  <link id="jws73cc1" targetId="jwrjom5t"/>
               </start>
               <assignment id="jwrjom5t">
                  <title>Lenght_Of_Sys_Id</title>
                  <operation source="formula" to="temp.Lenght_Of_Sys_Id">
                     <expression language="XQuery">fn:string-length($input.CaseExch_Sys_Id__c )</expression>
                  </operation>
                  <link id="jwrjom5v" targetId="jwkkyoz3"/>
               </assignment>
               <container id="jwkkyoz3" type="exclusive">
                  <title>Is_Sys_ID_Null?</title>
                  <flow id="jwqasui1">
                     <container id="jwu8enff" type="exclusive">
                        <title>Is_Case_Closed?</title>
                        <flow id="jwu8enfw">
                           <service id="jwu8engd">
                              <title>Create_Incident</title>
                              <serviceName>ServicenowConnection:Create_Incident</serviceName>
                              <serviceGUID>hp0FjM8WFgyhaFNZHwGbuH</serviceGUID>
                              <serviceInput>
                                 <parameter name="url" source="constant">https://chsdev.service-now.com/api/now/table/incident</parameter>
                                 <parameter name="state" source="formula">
                                    <expression language="XQuery">if ($input.Case_Status='Submitted') then 'New'
else if ($input.Case_Status='In Progress') then 'Active'
else if ($input.Case_Status='Need client input') then 'Awaiting More Info'
else if ($input.Case_Status='Known Issue') then 'Awaiting Vendor'
else ''
</expression>
                                 </parameter>
                                 <parameter name="impact" source="formula">
                                    <expression language="XQuery">if ($input.Severity__c=2) then 1
else if ($input.Severity__c=3) then 2
else if ($input.Severity__c=4) then 3
else ''
</expression>
                                 </parameter>
                                 <parameter name="urgency" source="formula">
                                    <expression language="XQuery">if ($input.Severity__c=2) then 1
else if ($input.Severity__c=3) then 2
else if ($input.Severity__c=4) then 3
else ''
</expression>
                                 </parameter>
                                 <parameter name="short_description" source="field" updatable="true">input.Subject</parameter>
                                 <parameter name="caller_id" source="field" updatable="true">input.Created_By</parameter>
                                 <parameter name="cmdb_ci" source="formula">
                                    <expression language="XQuery">fn:concat('Athena TS ', $input.Context_ID__c)</expression>
                                 </parameter>
                                 <parameter name="comments" source="field" updatable="true">input.Comments</parameter>
                                 <parameter name="description" source="field" updatable="true">input.Case_Description</parameter>
                                 <parameter name="u_bonded_ticket_number" source="field" updatable="true">input.Case_Number</parameter>
                                 <parameter name="u_last_bond_update" source="field" updatable="true">input.LastModifiedDate</parameter>
                                 <parameter name="u_bonded_status" source="formula">
                                    <expression language="XQuery">if ($input.Case_Status='Submitted') then 'New'
else if ($input.Case_Status='In Progress') then 'Active'
else if ($input.Case_Status='Need client input') then 'Awaiting More Info'
else if ($input.Case_Status='Known Issue') then 'Awaiting Vendor'
else ''
</expression>
                                 </parameter>
                                 <parameter name="u_bond_owner" source="field" updatable="true">input.Case_Owner_Name</parameter>
                                 <parameter name="u_bonded" source="constant">true</parameter>
                                 <parameter name="u_bond_type" source="constant">ATHENA</parameter>
                                 <parameter name="u_bonded_priority" source="formula">
                                    <expression language="XQuery">if ($input.Severity__c =2) then 2
else  if ($input.Severity__c=3) then 3
else  if ($input.Severity__c=4) then 4
else ''</expression>
                                 </parameter>
                              </serviceInput>
                           </service>
                           <link id="jwu8enfx" targetId="jwu8enff" type="containerLink"/>
                        </flow>
                        <flow id="jwu8enfy">
                           <service id="jwu8ensc">
                              <title>Create_Incident_Resolved/Closed</title>
                              <serviceName>ServicenowConnection:Create_Incident</serviceName>
                              <serviceGUID>hp0FjM8WFgyhaFNZHwGbuH</serviceGUID>
                              <serviceInput>
                                 <parameter name="url" source="constant">https://chsdev.service-now.com/api/now/table/incident</parameter>
                                 <parameter name="state" source="constant">7</parameter>
                                 <parameter name="impact" source="formula">
                                    <expression language="XQuery">if ($input.Severity__c=2) then 1
else if ($input.Severity__c=3) then 2
else if ($input.Severity__c=4) then 3
else ''
</expression>
                                 </parameter>
                                 <parameter name="urgency" source="formula">
                                    <expression language="XQuery">if ($input.Severity__c=2) then 1
else if ($input.Severity__c=3) then 2
else if ($input.Severity__c=4) then 3
else ''
</expression>
                                 </parameter>
                                 <parameter name="short_description" source="field" updatable="true">input.Subject</parameter>
                                 <parameter name="caller_id" source="field" updatable="true">input.Created_By</parameter>
                                 <parameter name="cmdb_ci" source="formula">
                                    <expression language="XQuery">fn:concat('Athena TS ', $input.Context_ID__c)</expression>
                                 </parameter>
                                 <parameter name="comments" source="field" updatable="true">input.Comments</parameter>
                                 <parameter name="description" source="field" updatable="true">input.Case_Description</parameter>
                                 <parameter name="u_cc_close_code" source="constant">Resolved with Validation</parameter>
                                 <parameter name="u_close_notes" source="constant">Case is closed by salesforce representative</parameter>
                                 <parameter name="u_bonded_ticket_number" source="field" updatable="true">input.Case_Number</parameter>
                                 <parameter name="u_last_bond_update" source="field" updatable="true">input.LastModifiedDate</parameter>
                                 <parameter name="u_bonded_status" source="formula">
                                    <expression language="XQuery">if ($input.Case_Status='Submitted') then 'New'
else if ($input.Case_Status='In Progress') then 'Active'
else if ($input.Case_Status='Need client input') then 'Awaiting More Info'
else if ($input.Case_Status='Known Issue') then 'Awaiting Vendor'
else ''
</expression>
                                 </parameter>
                                 <parameter name="u_bond_owner" source="field" updatable="true">input.Case_Owner_Name</parameter>
                                 <parameter name="u_bonded" source="constant">true</parameter>
                                 <parameter name="u_bond_type" source="constant">ATHENA</parameter>
                                 <parameter name="u_bonded_priority" source="formula">
                                    <expression language="XQuery">if ($input.Severity__c =2) then 2
else  if ($input.Severity__c=3) then 3
else  if ($input.Severity__c=4) then 4
else ''</expression>
                                 </parameter>
                              </serviceInput>
                           </service>
                           <link id="jwu8enfz" targetId="jwu8enff" type="containerLink"/>
                        </flow>
                        <link id="jwu8enfp" targetId="jwu8enfw" type="containerLink">
                           <condition source="formula">
                              <function name="string-equals">
                                 <arg name="left">{$input.Is_Closed}</arg>
                                 <arg name="right">false</arg>
                              </function>
                           </condition>
                        </link>
                        <link id="jwu8enfs" targetId="jwu8enfy" type="containerLink"/>
                        <link id="jwu8enig" targetId="jwu8enif"/>
                     </container>
                     <service id="jwu8enif">
                        <title>Update_Incident_Details_In__Case</title>
                        <serviceName>Salesforce-Case-Connection:Update_Incident_Details_In_Case</serviceName>
                        <serviceGUID>kR9y172ggEoeqqe9azsHeO</serviceGUID>
                        <serviceInput>
                           <parameter name="URL" source="constant">https://athenahealth--caseexch.cs1.my.salesforce.com/services/data/v45.0/sobjects/Case/</parameter>
                           <parameter name="Case_Id" source="field" updatable="true">input.Case_Id</parameter>
                           <parameter name="CaseExch_Incident_Number__c" source="field" updatable="true">output.Incident_number</parameter>
                           <parameter name="CaseExch_Sys_ID__c" source="field" updatable="true">output.Incident_sys_id</parameter>
                           <parameter name="Session_Id" source="field" updatable="true">input.Session_Id</parameter>
                        </serviceInput>
                     </service>
                     <link id="jwqasui2" targetId="jwkkyoz3" type="containerLink"/>
                  </flow>
                  <flow id="jwqasui3">
                     <container id="jwrmvuii" type="exclusive">
                        <title>Is_Case_Closed?</title>
                        <flow id="jwrmvuil">
                           <service id="jwrmvuiw">
                              <title>Update_Incident_All_Fields</title>
                              <serviceName>ServicenowConnection:Update_Incident_Details_In_Servicenow</serviceName>
                              <serviceGUID>hp0FjM8WFgyhaFNZHwGbuH</serviceGUID>
                              <serviceInput>
                                 <parameter name="url" source="constant">https://chsdev.service-now.com/api/now/table/incident</parameter>
                                 <parameter name="urgency" source="formula">
                                    <expression language="XQuery">if ($input.Severity__c=2) then 1
else if ($input.Severity__c=3) then 2
else if ($input.Severity__c=4) then 3
else ''
</expression>
                                 </parameter>
                                 <parameter name="sys_id" source="field" updatable="true">input.CaseExch_Sys_Id__c</parameter>
                                 <parameter name="impact" source="formula">
                                    <expression language="XQuery">if ($input.Severity__c=2) then 1
else if ($input.Severity__c=3) then 2
else if ($input.Severity__c=4) then 3
else ''
</expression>
                                 </parameter>
                                 <parameter name="state" source="formula">
                                    <expression language="XQuery">if ($input.Case_Status='Submitted') then 'New'
else if ($input.Case_Status='In Progress') then 'Active'
else if ($input.Case_Status='Need client input') then 'Awaiting More Info'
else if ($input.Case_Status='Known Issue') then 'Awaiting Vendor'
else ''</expression>
                                 </parameter>
                                 <parameter name="short_description" source="field" updatable="true">input.Subject</parameter>
                                 <parameter name="description" source="field" updatable="true">input.Case_Description</parameter>
                                 <parameter name="cmdb_ci" source="formula">
                                    <expression language="XQuery">fn:concat('Athena TS ', $input.Context_ID__c)</expression>
                                 </parameter>
                                 <parameter name="u_last_bond_update" source="field" updatable="true">input.LastModifiedDate</parameter>
                                 <parameter name="u_bonded_status" source="formula">
                                    <expression language="XQuery">if ($input.Case_Status='Submitted') then 'New'
else if ($input.Case_Status='In Progress') then 'Active'
else if ($input.Case_Status='Need client input') then 'Awaiting More Info'
else if ($input.Case_Status='Known Issue') then 'Awaiting Vendor'
else ''</expression>
                                 </parameter>
                                 <parameter name="u_bond_owner" source="field" updatable="true">input.Case_Owner_Name</parameter>
                                 <parameter name="u_bonded_priority" source="formula">
                                    <expression language="XQuery">if ($input.Severity__c =2) then 2
else  if ($input.Severity__c=3) then 3
else  if ($input.Severity__c=4) then 4
else ''</expression>
                                 </parameter>
                              </serviceInput>
                           </service>
                           <link id="jwrmvuim" targetId="jwrmvuii" type="containerLink"/>
                        </flow>
                        <flow id="jwrmvuio">
                           <service id="jwrmvukt">
                              <title>Update_Incident_CloseNotes</title>
                              <serviceName>ServicenowConnection:Update_Incident_Details_In_Servicenow</serviceName>
                              <serviceGUID>hp0FjM8WFgyhaFNZHwGbuH</serviceGUID>
                              <serviceInput>
                                 <parameter name="url" source="constant">https://chsdev.service-now.com/api/now/table/incident</parameter>
                                 <parameter name="urgency" source="formula">
                                    <expression language="XQuery">if ($input.Severity__c=2) then 1
else if ($input.Severity__c=3) then 2
else if ($input.Severity__c=4) then 3
else ''
</expression>
                                 </parameter>
                                 <parameter name="sys_id" source="field" updatable="true">input.CaseExch_Sys_Id__c</parameter>
                                 <parameter name="impact" source="formula">
                                    <expression language="XQuery">if ($input.Severity__c=2) then 1
else if ($input.Severity__c=3) then 2
else if ($input.Severity__c=4) then 3
else ''</expression>
                                 </parameter>
                                 <parameter name="state" source="constant">7</parameter>
                                 <parameter name="short_description" source="field" updatable="true">input.Subject</parameter>
                                 <parameter name="description" source="field" updatable="true">input.Case_Description</parameter>
                                 <parameter name="cmdb_ci" source="formula">
                                    <expression language="XQuery">fn:concat('Athena TS ', $input.Context_ID__c)</expression>
                                 </parameter>
                                 <parameter name="u_last_bond_update" source="field" updatable="true">input.LastModifiedDate</parameter>
                                 <parameter name="u_bonded_status" source="constant">Resolved</parameter>
                                 <parameter name="u_bond_owner" source="field" updatable="true">input.Case_Owner_Name</parameter>
                                 <parameter name="close_notes" source="constant">Case is closed by salesforce representative</parameter>
                                 <parameter name="close_code" source="constant">Resolved with validation</parameter>
                                 <parameter name="u_bonded_priority" source="formula">
                                    <expression language="XQuery">if ($input.Severity__c =2) then 2
else  if ($input.Severity__c=3) then 3
else  if ($input.Severity__c=4) then 4
else ''</expression>
                                 </parameter>
                              </serviceInput>
                           </service>
                           <link id="jwrmvuip" targetId="jwrmvuii" type="containerLink"/>
                        </flow>
                        <link id="jwrmvuik" targetId="jwrmvuil" type="containerLink">
                           <condition source="formula">
                              <function name="string-equals">
                                 <arg name="left">{$input.Is_Closed}</arg>
                                 <arg name="right">false</arg>
                              </function>
                           </condition>
                        </link>
                        <link id="jwrmvuin" targetId="jwrmvuio" type="containerLink"/>
                     </container>
                     <link id="jwqasui4" targetId="jwkkyoz3" type="containerLink"/>
                  </flow>
                  <link id="jwqasuhz" targetId="jwqasui1" type="containerLink">
                     <condition source="formula">
                        <function name="string-equals">
                           <arg name="left">{$temp.Lenght_Of_Sys_Id}</arg>
                           <arg name="right">0</arg>
                        </function>
                     </condition>
                  </link>
                  <link id="jwqasui0" targetId="jwqasui3" type="containerLink"/>
                  <link id="jws73ccd" targetId="c"/>
               </container>
               <end id="c"/>
            </flow>
         </process>
      </types1:Entry>
      <types1:GUID>kJ4CzGJFKEck5j7NdTJyyM</types1:GUID>
      <types1:DisplayName>CHS_Incident_Create_Or_Update_Sub_Process</types1:DisplayName>
   </types1:Item>
   <types1:CurrentServerDateTime>2019-06-14T06:00:22.198Z</types1:CurrentServerDateTime>
</aetgt:getResponse>
