<aetgt:getResponse xmlns:aetgt="http://schemas.active-endpoints.com/appmodules/repository/2010/10/avrepository.xsd"
                   xmlns:types1="http://schemas.active-endpoints.com/appmodules/repository/2010/10/avrepository.xsd">
   <types1:Item>
      <types1:EntryId>4LoWSjrabcmWR7h-gt-42980-2019-06-06T12:27:31.892Z::pd.xml</types1:EntryId>
      <types1:Name>CHS_Incident_Comment_Create_Sub_Process</types1:Name>
      <types1:ParentFlowIds>OBCQrXhNUdyOoMd-gt-4384090-2019-06-12T00:10:50.659Z::pd.xml,FHEJRxZsEi4tciS-gt-4424224-2019-06-12T10:22:16.515Z::pd.xml</types1:ParentFlowIds>
      <types1:MimeType>application/xml+process</types1:MimeType>
      <types1:Description/>
      <types1:AppliesTo/>
      <types1:Tags>.anonymous</types1:Tags>
      <types1:VersionLabel>1.0</types1:VersionLabel>
      <types1:State>CURRENT</types1:State>
      <types1:ProcessGroup/>
      <types1:CreatedBy>kkarimajji@athenahealth.com.dev</types1:CreatedBy>
      <types1:CreationDate>2019-06-06T12:27:32Z</types1:CreationDate>
      <types1:ModifiedBy>pthoudoju@athenahealth.com.dev</types1:ModifiedBy>
      <types1:ModificationDate>2019-06-13T07:45:17Z</types1:ModificationDate>
      <types1:PublicationStatus>published</types1:PublicationStatus>
      <types1:PublishedBy>rkalaga@athenahealth.com.dev</types1:PublishedBy>
      <types1:PublicationDate>2019-06-13T19:03:52Z</types1:PublicationDate>
      <types1:PublishedContributionId>project:/spi.CHS_Incident_Comment_Create_Sub_Process/CHS_Incident_Comment_Create_Sub_Process.pd.xml</types1:PublishedContributionId>
      <types1:AutosaveExists>false</types1:AutosaveExists>
      <types1:Entry>
         <process xmlns="http://schemas.active-endpoints.com/appmodules/screenflow/2010/10/avosScreenflow.xsd"
                  xmlns:list="urn:activevos:spi:list:functions"
                  displayName="CHS_Incident_Comment_Create_Sub_Process"
                  name="CHS_Incident_Comment_Create_Sub_Process">
            <appliesTo/>
            <description/>
            <tags>.anonymous</tags>
            <generator>Informatica Process Designer 11</generator>
            <input>
               <parameter description="" name="sys_id" type="string">
                  <options>
                     <option name="required">false</option>
                  </options>
               </parameter>
               <parameter description="" name="comments" type="string">
                  <options>
                     <option name="required">false</option>
                  </options>
               </parameter>
            </input>
            <notes/>
            <deployment suspendOnFault="false" tracingLevel="verbose">
               <rest>
                  <allowAnonymousAccess/>
               </rest>
            </deployment>
            <flow id="a">
               <start id="b">
                  <link id="jwublwji" targetId="jwkmnrtu"/>
               </start>
               <service id="jwkmnrtu">
                  <title>Create_Comments_On_Incident</title>
                  <serviceName>ServicenowConnection:Add_Comments</serviceName>
                  <serviceGUID>hp0FjM8WFgyhaFNZHwGbuH</serviceGUID>
                  <serviceInput>
                     <parameter name="url" source="constant">https://chsdev.service-now.com/api/now/table/incident</parameter>
                     <parameter name="sys_id" source="field" updatable="true">input.sys_id</parameter>
                     <parameter name="comments" source="field" updatable="true">input.comments</parameter>
                  </serviceInput>
                  <link id="jwublwit" targetId="c"/>
               </service>
               <end id="c"/>
            </flow>
         </process>
      </types1:Entry>
      <types1:GUID>9GSsT1sSFiUlD8AGsZHzOT</types1:GUID>
      <types1:DisplayName>CHS_Incident_Comment_Create_Sub_Process</types1:DisplayName>
   </types1:Item>
   <types1:CurrentServerDateTime>2019-06-14T06:00:22.17Z</types1:CurrentServerDateTime>
</aetgt:getResponse>
