<aetgt:getResponse xmlns:aetgt="http://schemas.active-endpoints.com/appmodules/repository/2010/10/avrepository.xsd"
                   xmlns:types1="http://schemas.active-endpoints.com/appmodules/repository/2010/10/avrepository.xsd">
   <types1:Item>
      <types1:EntryId>iSypmXbeMVX3cjk-gt-1086044-2019-06-07T07:38:43.131Z::pd.xml</types1:EntryId>
      <types1:Name>CHS_Incident_Attachment_Create_Sub_Process</types1:Name>
      <types1:ParentFlowIds>Rm49WPZ8DfYLnzY-gt-13067821-2019-06-11T07:54:07.08Z::pd.xml</types1:ParentFlowIds>
      <types1:MimeType>application/xml+process</types1:MimeType>
      <types1:Description/>
      <types1:AppliesTo/>
      <types1:Tags>.anonymous</types1:Tags>
      <types1:VersionLabel>1.0</types1:VersionLabel>
      <types1:State>CURRENT</types1:State>
      <types1:ProcessGroup/>
      <types1:CreatedBy>kkarimajji@athenahealth.com.dev</types1:CreatedBy>
      <types1:CreationDate>2019-06-07T07:38:43Z</types1:CreationDate>
      <types1:ModifiedBy>rkalaga@athenahealth.com.dev</types1:ModifiedBy>
      <types1:ModificationDate>2019-06-12T15:43:14Z</types1:ModificationDate>
      <types1:PublicationStatus>published</types1:PublicationStatus>
      <types1:PublishedBy>rkalaga@athenahealth.com.dev</types1:PublishedBy>
      <types1:PublicationDate>2019-06-13T19:04:17Z</types1:PublicationDate>
      <types1:PublishedContributionId>project:/spi.CHS_Incident_Attachment_Create_Sub_Process/CHS_Incident_Attachment_Create_Sub_Process.pd.xml</types1:PublishedContributionId>
      <types1:AutosaveExists>false</types1:AutosaveExists>
      <types1:Entry>
         <process xmlns="http://schemas.active-endpoints.com/appmodules/screenflow/2010/10/avosScreenflow.xsd"
                  xmlns:list="urn:activevos:spi:list:functions"
                  displayName="CHS_Incident_Attachment_Create_Sub_Process"
                  name="CHS_Incident_Attachment_Create_Sub_Process">
            <appliesTo/>
            <description/>
            <tags>.anonymous</tags>
            <generator>Informatica Process Designer 11</generator>
            <input>
               <parameter description=""
                          name="ContentDocumentId"
                          required="true"
                          type="string">
                  <options>
                     <option name="required">false</option>
                  </options>
               </parameter>
               <parameter description="" name="SessionId" required="true" type="string">
                  <options>
                     <option name="required">false</option>
                  </options>
               </parameter>
               <parameter description="" name="CaseId" required="true" type="string">
                  <options>
                     <option name="required">false</option>
                  </options>
               </parameter>
               <parameter description="" name="QueueId" required="true" type="string">
                  <options>
                     <option name="required">false</option>
                  </options>
               </parameter>
               <parameter description="" name="SysId" required="true" type="string">
                  <options>
                     <option name="required">false</option>
                  </options>
               </parameter>
            </input>
            <output>
               <field description="" name="LinkedEntityId" type="string">
                  <options>
                     <option name="required">false</option>
                  </options>
               </field>
               <field description="" name="VersionData" type="string">
                  <options>
                     <option name="required">false</option>
                  </options>
               </field>
            </output>
            <notes/>
            <deployment suspendOnFault="false" tracingLevel="verbose">
               <rest>
                  <allowAnonymousAccess/>
               </rest>
            </deployment>
            <flow id="a">
               <start id="b">
                  <link id="jwqc5j3w" targetId="jwajwzgp"/>
               </start>
               <service id="jwajwzgp">
                  <title>Get Content Document Details</title>
                  <serviceName>Salesforce-Attachment-Connection:Get_ContentDocument_Details</serviceName>
                  <serviceGUID>96Pu3YK2JSeimm543tN1gJ</serviceGUID>
                  <serviceInput>
                     <parameter name="URL" source="constant">https://athenahealth--caseexch.cs1.my.salesforce.com//services/data/v45.0/query?q=SELECT+FileType,+(select+id,FileExtension,Title+from+contentversions),(select+LinkedEntityId+from+contentDocumentLinks+where+sharetype='V'+and+LinkedEntityId=</parameter>
                     <parameter name="SessionId" source="field" updatable="true">input.SessionId</parameter>
                     <parameter name="Id" source="field" updatable="true">input.ContentDocumentId</parameter>
                     <parameter name="Suburl" source="constant">)+from+contentDocument+where+id=</parameter>
                     <parameter name="CaseId" source="field" updatable="true">input.CaseId</parameter>
                  </serviceInput>
                  <link id="jwajwzgx" targetId="jwajwzgw"/>
               </service>
               <service id="jwajwzgw">
                  <title>Get Version Data</title>
                  <serviceName>Salesforce-Attachment-Connection:Get_VersionData</serviceName>
                  <serviceGUID>96Pu3YK2JSeimm543tN1gJ</serviceGUID>
                  <serviceInput>
                     <parameter name="URL" source="constant">https://athenahealth--caseexch.cs1.my.salesforce.com/services/data/v45.0/sobjects/ContentVersion/</parameter>
                     <parameter name="SessionId" source="field" updatable="true">input.SessionId</parameter>
                     <parameter name="Id" source="field" updatable="true">output.ContentVersionId</parameter>
                  </serviceInput>
                  <link id="jwtbzkcf" targetId="jwajwzh3"/>
               </service>
               <service id="jwajwzh3">
                  <title>Get File</title>
                  <serviceName>Salesforce-Attachment-Connection:Get_File</serviceName>
                  <serviceGUID>96Pu3YK2JSeimm543tN1gJ</serviceGUID>
                  <serviceInput>
                     <parameter name="URL" source="constant">https://athenahealth--caseexch.cs1.my.salesforce.com</parameter>
                     <parameter name="VersionData" source="field" updatable="true">output.VersionData</parameter>
                     <parameter name="SessionId" source="field" updatable="true">input.SessionId</parameter>
                  </serviceInput>
                  <link id="jwlx270g" targetId="jwlx270f"/>
               </service>
               <service id="jwlx270f">
                  <title>Add_Attachment</title>
                  <serviceName>ServicenowConnection:Add_Attachment</serviceName>
                  <serviceGUID>hp0FjM8WFgyhaFNZHwGbuH</serviceGUID>
                  <serviceInput>
                     <parameter name="URL" source="constant">https://chsdev.service-now.com/api/now/attachment/file?table_name=incident</parameter>
                     <parameter name="Ampesand" source="constant">&amp;</parameter>
                     <parameter name="Incident_Sys_ID" source="field" updatable="true">input.SysId</parameter>
                     <parameter name="Attachment" source="field" updatable="true">output.Response</parameter>
                     <parameter name="file_name" source="formula">
                        <expression language="XQuery">fn:concat($output.Title , fn:concat('.', $output.FileExtension ))</expression>
                     </parameter>
                  </serviceInput>
                  <link id="jwt4g84h" targetId="jwt4g84g"/>
               </service>
               <service id="jwt4g84g">
                  <title>Delete_Record_From_Queue</title>
                  <serviceName>Salesforce-Attachment-Connection:Delete_Record_From_Queue</serviceName>
                  <serviceGUID>96Pu3YK2JSeimm543tN1gJ</serviceGUID>
                  <serviceInput>
                     <parameter name="URL" source="constant">https://athenahealth--caseexch.cs1.my.salesforce.com/services/data/v45.0/sobjects/CaseExch_Queue__c/</parameter>
                     <parameter name="QueueId" source="field" updatable="true">input.QueueId</parameter>
                     <parameter name="SessionId" source="field" updatable="true">input.SessionId</parameter>
                  </serviceInput>
                  <link id="jwt4g84i" targetId="c"/>
               </service>
               <end id="c"/>
            </flow>
         </process>
      </types1:Entry>
      <types1:GUID>9gVXgUdWgjYcbDgzLSpT4U</types1:GUID>
      <types1:DisplayName>CHS_Incident_Attachment_Create_Sub_Process</types1:DisplayName>
   </types1:Item>
   <types1:CurrentServerDateTime>2019-06-14T06:00:22.225Z</types1:CurrentServerDateTime>
</aetgt:getResponse>
