<aetgt:getResponse xmlns:aetgt="http://schemas.active-endpoints.com/appmodules/repository/2010/10/avrepository.xsd"
                   xmlns:types1="http://schemas.active-endpoints.com/appmodules/repository/2010/10/avrepository.xsd">
   <types1:Item>
      <types1:EntryId>xhFdw8jIw8jIw8j-gt-14742256-2019-06-11T18:58:17.37Z::pd.xml</types1:EntryId>
      <types1:Name>Incident_Create_Or_Update_Main_Process</types1:Name>
      <types1:MimeType>application/xml+process</types1:MimeType>
      <types1:Description/>
      <types1:AppliesTo/>
      <types1:Tags>.anonymous</types1:Tags>
      <types1:VersionLabel>1.0</types1:VersionLabel>
      <types1:State>CURRENT</types1:State>
      <types1:ProcessGroup/>
      <types1:CreatedBy>rkalaga@athenahealth.com.dev</types1:CreatedBy>
      <types1:CreationDate>2019-06-11T18:58:17Z</types1:CreationDate>
      <types1:ModifiedBy>pthoudoju@athenahealth.com.dev</types1:ModifiedBy>
      <types1:ModificationDate>2019-06-13T15:12:34Z</types1:ModificationDate>
      <types1:PublicationStatus>published</types1:PublicationStatus>
      <types1:PublishedBy>rkalaga@athenahealth.com.dev</types1:PublishedBy>
      <types1:PublicationDate>2019-06-13T19:03:31Z</types1:PublicationDate>
      <types1:PublishedContributionId>project:/spi.Incident_Create_Or_Update_Main_Process/Incident_Create_Or_Update_Main_Process.pd.xml</types1:PublishedContributionId>
      <types1:AutosaveExists>false</types1:AutosaveExists>
      <types1:Entry>
         <process xmlns="http://schemas.active-endpoints.com/appmodules/screenflow/2010/10/avosScreenflow.xsd"
                  xmlns:list="urn:activevos:spi:list:functions"
                  displayName="Incident_Create_Or_Update_Main_Process"
                  name="Incident_Create_Or_Update_Main_Process">
            <appliesTo/>
            <description/>
            <tags>.anonymous</tags>
            <generator>Informatica Process Designer 11</generator>
            <input>
               <parameter description="" name="Case_Details" type="reference">
                  <options>
                     <option name="referenceTo">Salesforce-Case-Connection:Notifications_AnonymousType</option>
                     <option name="required">false</option>
                     <option name="isCopy">true</option>
                     <option name="guid">kR9y172ggEoeqqe9azsHeO</option>
                  </options>
               </parameter>
            </input>
            <output>
               <field description="" name="Ack" type="reference">
                  <options>
                     <option name="referenceTo">Salesforce-Case-Connection:NotificationsResponse_AnonymousType</option>
                     <option name="required">false</option>
                     <option name="isCopy">true</option>
                     <option name="guid">kR9y172ggEoeqqe9azsHeO</option>
                  </options>
               </field>
            </output>
            <tempFields>
               <field description="" name="Lenght_Of_Sys_Id" type="string">
                  <options>
                     <option name="required">false</option>
                  </options>
               </field>
            </tempFields>
            <notes/>
            <deployment suspendOnFault="false" tracingLevel="verbose">
               <rest>
                  <allowAnonymousAccess/>
                  <wholePayload inputWholePayload="true" outputWholePayload="true"/>
               </rest>
            </deployment>
            <flow id="a">
               <start id="b">
                  <link id="jwupzxdo" targetId="jwkkyp2o"/>
               </start>
               <service id="jwkkyp2o">
                  <title>Get_Case_Details</title>
                  <serviceName>Salesforce-Case-Connection:Get_Case_Details</serviceName>
                  <serviceGUID>kR9y172ggEoeqqe9azsHeO</serviceGUID>
                  <serviceInput>
                     <parameter name="Session_Id" source="field" updatable="true">input.Case_Details[1]/SessionId</parameter>
                     <parameter name="URL" source="constant">https://athenahealth--caseexch.cs1.my.salesforce.com//services/data/v45.0/query?q=Select+Id,IsDeleted,CaseNumber,OwnerId,ContactId,AccountId,AssetId,ProductId,Type,Status,Reason,Subject,Priority,Description,IsClosed,CreatedById,CreatedDate,ContactPhone,Comments,CaseExch_Incident_Number__c,CaseExch_Sys_ID__c,owner.Name,owner.Username,Owner.Email,Owner.Phone,context_id__c,severity__c,lastmodifieddate+from+Case+where+Id=</parameter>
                     <parameter name="Case_Id" source="field" updatable="true">input.Case_Details[1]/Notification[1]/sObject[1]/Id</parameter>
                  </serviceInput>
                  <link id="jws64u6v" targetId="jws64u6u"/>
               </service>
               <service id="jws64u6u">
                  <title>Get_Process_Name</title>
                  <serviceName>Salesforce-Case-Connection:Get_Process_Name</serviceName>
                  <serviceGUID>kR9y172ggEoeqqe9azsHeO</serviceGUID>
                  <serviceInput>
                     <parameter name="Session_Id" source="field" updatable="true">input.Case_Details[1]/SessionId</parameter>
                     <parameter name="URL" source="constant">https://athenahealth--caseexch.cs1.my.salesforce.com/services/data/v45.0/query?q=select+CaseExch_Process_Name__c+from+CaseExch_ProcessNames__c+where+CaseExch_Context_id__c=</parameter>
                     <parameter name="Context_Id" source="field" updatable="true">output.Context_ID__c</parameter>
                  </serviceInput>
                  <link id="jws6l7h6" targetId="jws6l7h5"/>
               </service>
               <container id="jws6l7h5" type="exclusive">
                  <title>process_name</title>
                  <flow id="jws6l7h9">
                     <subflow id="jwsbtlay">
                        <title>CHS_Incident_Create_Or_Update_Sub_Process</title>
                        <subflowGUID>kJ4CzGJFKEck5j7NdTJyyM</subflowGUID>
                        <subflowPath>CHS_Incident_Create_Or_Update_Sub_Process</subflowPath>
                        <runForEach>false</runForEach>
                        <input>
                           <parameter name="Case_Id" source="field" updatable="true">output.Case_Id</parameter>
                           <parameter name="Is_Deleted" source="field" updatable="true">output.Is_Deleted</parameter>
                           <parameter name="Case_Number" source="field" updatable="true">output.Case_Number</parameter>
                           <parameter name="Owner_Id" source="field" updatable="true">output.Owner_Id</parameter>
                           <parameter name="Contact_Id" source="field" updatable="true">output.Contact_Id</parameter>
                           <parameter name="Account_Id" source="field" updatable="true">output.Account_Id</parameter>
                           <parameter name="Asset_Id" source="field" updatable="true">output.Asset_Id</parameter>
                           <parameter name="Product_Id" source="field" updatable="true">output.Product_Id</parameter>
                           <parameter name="Case_Type" source="field" updatable="true">output.Case_Type</parameter>
                           <parameter name="Case_Status" source="field" updatable="true">output.Case_Status</parameter>
                           <parameter name="Case_Reason" source="field" updatable="true">output.Case_Reason</parameter>
                           <parameter name="Subject" source="field" updatable="true">output.Subject</parameter>
                           <parameter name="Case_Priority" source="field" updatable="true">output.Case_Priority</parameter>
                           <parameter name="Case_Description" source="field" updatable="true">output.Case_Description</parameter>
                           <parameter name="Is_Closed" source="field" updatable="true">output.Is_Closed</parameter>
                           <parameter name="Created_By_Id" source="field" updatable="true">output.Created_By_Id</parameter>
                           <parameter name="Created_Date" source="field" updatable="true">output.Created_Date</parameter>
                           <parameter name="Contact_Phone" source="field" updatable="true">output.Contact_Phone</parameter>
                           <parameter name="Comments" source="field" updatable="true">output.Comments</parameter>
                           <parameter name="CaseExch_Incident_Number__C" source="field" updatable="true">output.CaseExch_Incident_Number__C</parameter>
                           <parameter name="CaseExch_Sys_Id__c" source="field" updatable="true">output.CaseExch_Sys_Id__c</parameter>
                           <parameter name="Case_Owner_Name" source="field" updatable="true">output.Case_Owner_Name</parameter>
                           <parameter name="Case_Owner_User_Name" source="field" updatable="true">output.Case_Owner_User_Name</parameter>
                           <parameter name="Case _Owner_Email" source="field" updatable="true">output.Case _Owner_Email</parameter>
                           <parameter name="Case_Owner_Phone" source="field" updatable="true">output.Case_Owner_Phone</parameter>
                           <parameter name="Context_ID__c" source="field" updatable="true">output.Context_ID__c</parameter>
                           <parameter name="Severity__c" source="field" updatable="true">output.Severity__c</parameter>
                           <parameter name="LastModifiedDate" source="field" updatable="true">output.LastModifiedDate</parameter>
                           <parameter name="Session_Id" source="field" updatable="true">input.Case_Details[1]/SessionId</parameter>
                           <parameter name="Created_By" source="field" updatable="true">output.CreatedBy_Name</parameter>
                        </input>
                        <outputDef/>
                     </subflow>
                     <link id="jws6l7ha" targetId="jws6l7h5" type="containerLink"/>
                  </flow>
                  <flow id="jws6l7hc">
                     <throw id="jwuns771">
                        <title>Process_Name_Null</title>
                        <throwInput>
                           <parameter name="code" source="constant" updatable="true">Error</parameter>
                           <parameter name="detail" source="constant" updatable="true">Process Name is Empty</parameter>
                           <parameter name="reason" source="constant" updatable="true">Process Name is Empty</parameter>
                        </throwInput>
                     </throw>
                  </flow>
                  <flow id="jwuns75w">
                     <link id="jwuns75x" targetId="jws6l7h5" type="containerLink"/>
                  </flow>
                  <link id="jws6l7h8" targetId="jws6l7h9" type="containerLink">
                     <condition source="formula">
                        <function name="string-equals">
                           <arg name="left">{$output.Process_Name}</arg>
                           <arg name="right">CHS</arg>
                        </function>
                     </condition>
                  </link>
                  <link id="jws6l7hb" targetId="jws6l7hc" type="containerLink">
                     <condition source="formula">
                        <function name="string-equals">
                           <arg name="left">{$output.Process_Name}</arg>
                           <arg name="right"/>
                        </function>
                     </condition>
                  </link>
                  <link id="jwuns75v" targetId="jwuns75w" type="containerLink"/>
                  <link id="jws6l7h7" targetId="jwqc1vam"/>
               </container>
               <assignment id="jwqc1vam">
                  <title>Acknowledgement</title>
                  <operation source="formula" to="output.Ack">
                     <expression language="XQuery">&lt;NotificationsResponse_AnonymousType&gt;
   &lt;Ack&gt;true&lt;/Ack&gt;
&lt;/NotificationsResponse_AnonymousType&gt;
</expression>
                  </operation>
                  <link id="jwqc1vao" targetId="c"/>
               </assignment>
               <end id="c"/>
            </flow>
         </process>
      </types1:Entry>
      <types1:GUID>hyqOFXHfV6RiobBHdaDdgf</types1:GUID>
      <types1:DisplayName>Incident_Create_Or_Update_Main_Process</types1:DisplayName>
   </types1:Item>
   <types1:CurrentServerDateTime>2019-06-14T06:00:22.412Z</types1:CurrentServerDateTime>
</aetgt:getResponse>
