<aetgt:getResponse xmlns:aetgt="http://schemas.active-endpoints.com/appmodules/repository/2010/10/avrepository.xsd"
                   xmlns:types1="http://schemas.active-endpoints.com/appmodules/repository/2010/10/avrepository.xsd">
   <types1:Item>
      <types1:EntryId>OBCQrXhNUdyOoMd-gt-4384090-2019-06-12T00:10:50.659Z::pd.xml</types1:EntryId>
      <types1:Name>Incident_Comment_Create_Main_Process</types1:Name>
      <types1:MimeType>application/xml+process</types1:MimeType>
      <types1:Description/>
      <types1:AppliesTo/>
      <types1:Tags>.anonymous</types1:Tags>
      <types1:VersionLabel>1.0</types1:VersionLabel>
      <types1:State>CURRENT</types1:State>
      <types1:ProcessGroup/>
      <types1:CreatedBy>rkalaga@athenahealth.com.dev</types1:CreatedBy>
      <types1:CreationDate>2019-06-12T00:10:51Z</types1:CreationDate>
      <types1:ModifiedBy>rkalaga@athenahealth.com.dev</types1:ModifiedBy>
      <types1:ModificationDate>2019-06-13T16:08:15Z</types1:ModificationDate>
      <types1:PublicationStatus>published</types1:PublicationStatus>
      <types1:PublishedBy>rkalaga@athenahealth.com.dev</types1:PublishedBy>
      <types1:PublicationDate>2019-06-13T19:03:52Z</types1:PublicationDate>
      <types1:PublishedContributionId>project:/spi.Incident_Comment_Create_Main_Process/Incident_Comment_Create_Main_Process.pd.xml</types1:PublishedContributionId>
      <types1:AutosaveExists>false</types1:AutosaveExists>
      <types1:Entry>
         <process xmlns="http://schemas.active-endpoints.com/appmodules/screenflow/2010/10/avosScreenflow.xsd"
                  xmlns:list="urn:activevos:spi:list:functions"
                  displayName="Incident_Comment_Create_Main_Process"
                  name="Incident_Comment_Create_Main_Process">
            <appliesTo/>
            <description/>
            <tags>.anonymous</tags>
            <generator>Informatica Process Designer 11</generator>
            <input>
               <parameter description="" name="Payload" type="reference">
                  <options>
                     <option name="referenceTo">Salesforce-Comment-Connection:Notifications_AnonymousType</option>
                     <option name="required">false</option>
                     <option name="isCopy">true</option>
                     <option name="guid">9Z0XJhGu1svcbGImgKLeE0</option>
                  </options>
               </parameter>
            </input>
            <output>
               <field description="" name="Ack" type="reference">
                  <options>
                     <option name="referenceTo">Salesforce-Comment-Connection:NotificationsResponse_AnonymousType</option>
                     <option name="required">false</option>
                     <option name="isCopy">true</option>
                     <option name="guid">9Z0XJhGu1svcbGImgKLeE0</option>
                  </options>
               </field>
            </output>
            <notes/>
            <deployment suspendOnFault="false" tracingLevel="verbose">
               <rest>
                  <allowAnonymousAccess/>
                  <wholePayload inputWholePayload="true" outputWholePayload="true"/>
               </rest>
            </deployment>
            <flow id="a">
               <start id="b">
                  <link id="jwuqlqcf" targetId="jwkmnrtg"/>
               </start>
               <service id="jwkmnrtg">
                  <title>Get_Case_Comment_Details</title>
                  <serviceName>Salesforce-Comment-Connection:Get_Case_Comment_Details</serviceName>
                  <serviceGUID>9Z0XJhGu1svcbGImgKLeE0</serviceGUID>
                  <serviceInput>
                     <parameter name="URL" source="constant">https://athenahealth--caseexch.cs1.my.salesforce.com//services/data/v45.0/query?q=SELECT+id,ParentId,CommentBody,Parent.CaseExch_Sys_Id__c,Parent.Context_ID__c+from+CaseComment+where+id=</parameter>
                     <parameter name="CaseCommentId" source="field" updatable="true">input.Payload[1]/Notification[1]/sObject[1]/Id</parameter>
                     <parameter name="Session_Id" source="field" updatable="true">input.Payload[1]/SessionId</parameter>
                  </serviceInput>
                  <link id="jwuuvnwb" targetId="jwuuvnwa"/>
               </service>
               <service id="jwshjoql">
                  <title>Get_Process_Name</title>
                  <serviceName>Salesforce-Comment-Connection:Get_Process_Name</serviceName>
                  <serviceGUID>9Z0XJhGu1svcbGImgKLeE0</serviceGUID>
                  <serviceInput>
                     <parameter name="Session_Id" source="field" updatable="true">input.Payload[1]/SessionId</parameter>
                     <parameter name="URL" source="constant">https://athenahealth--caseexch.cs1.my.salesforce.com/services/data/v45.0/query?q=select+CaseExch_Process_Name__c+from+CaseExch_ProcessNames__c+where+CaseExch_Context_id__c=</parameter>
                     <parameter name="Context_Id" source="field" updatable="true">output.Context_Id</parameter>
                  </serviceInput>
                  <link id="jwshwus4" targetId="jwshwus3"/>
               </service>
               <container id="jwuuvnwa" type="exclusive">
                  <title>Sys_ID</title>
                  <flow id="jwuuvnwe">
                     <throw id="jwuuvnx4">
                        <title>Throw 1</title>
                        <throwInput>
                           <parameter name="code" source="constant" updatable="true">Error</parameter>
                           <parameter name="detail" source="formula" updatable="true">
                              <expression language="XQuery">'Service Now System Id is empty or null for Case Id:' || $output.ParentId </expression>
                           </parameter>
                           <parameter name="reason" source="formula" updatable="true">
                              <expression language="XQuery">'Service Now System Id is empty or null for Case Id:' || $output.ParentId </expression>
                           </parameter>
                        </throwInput>
                     </throw>
                  </flow>
                  <flow id="jwuuvnwh">
                     <link id="jwuuvnwi" targetId="jwuuvnwa" type="containerLink"/>
                  </flow>
                  <link id="jwuuvnwd" targetId="jwuuvnwe" type="containerLink">
                     <condition source="formula">
                        <function name="string-equals">
                           <arg name="left">{$output.Sys_ID}</arg>
                           <arg name="right"/>
                        </function>
                     </condition>
                  </link>
                  <link id="jwuuvnwg" targetId="jwuuvnwh" type="containerLink"/>
                  <link id="jwuuvnwc" targetId="jwshjoql"/>
               </container>
               <container id="jwshwus3" type="exclusive">
                  <title>process_name</title>
                  <flow id="jwshwus7">
                     <subflow id="jwshwush">
                        <title>CHS_Incident_Comment_Create_Sub_Process</title>
                        <subflowGUID>9GSsT1sSFiUlD8AGsZHzOT</subflowGUID>
                        <subflowPath>CHS_Incident_Comment_Create_Sub_Process</subflowPath>
                        <runForEach>false</runForEach>
                        <input>
                           <parameter name="sys_id" source="field" updatable="true">output.Sys_ID</parameter>
                           <parameter name="comments" source="field" updatable="true">output.CommentBody</parameter>
                        </input>
                        <outputDef/>
                     </subflow>
                     <link id="jwshwus8" targetId="jwshwus3" type="containerLink"/>
                  </flow>
                  <flow id="jwshwusa">
                     <throw id="jwunw6q0">
                        <title>Process_Name_Null</title>
                        <throwInput>
                           <parameter name="code" source="constant" updatable="true">Error</parameter>
                           <parameter name="detail" source="constant" updatable="true">Process Name is Empty</parameter>
                           <parameter name="reason" source="constant" updatable="true">Process Name is Empty</parameter>
                        </throwInput>
                     </throw>
                  </flow>
                  <flow id="jwunw6pn">
                     <link id="jwunw6po" targetId="jwshwus3" type="containerLink"/>
                  </flow>
                  <link id="jwshwus6" targetId="jwshwus7" type="containerLink">
                     <condition source="formula">
                        <function name="string-equals">
                           <arg name="left">{$output.process_name}</arg>
                           <arg name="right">CHS</arg>
                        </function>
                     </condition>
                  </link>
                  <link id="jwshwus9" targetId="jwshwusa" type="containerLink">
                     <condition source="formula">
                        <function name="string-equals">
                           <arg name="left">{$output.process_name}</arg>
                           <arg name="right"/>
                        </function>
                     </condition>
                  </link>
                  <link id="jwunw6pm" targetId="jwunw6pn" type="containerLink"/>
                  <link id="jwskuyy7" targetId="jwq9phox"/>
               </container>
               <assignment id="jwq9phox">
                  <title>Assignment to output.Ack[1]/Ack</title>
                  <operation source="formula" to="output.Ack[1]/Ack">
                     <expression language="XQuery">&lt;NotificationsResponse_AnonymousType&gt;
   &lt;Ack&gt;true&lt;/Ack&gt;
&lt;/NotificationsResponse_AnonymousType&gt;
</expression>
                  </operation>
                  <link id="jwq9phoz" targetId="c"/>
               </assignment>
               <end id="c"/>
            </flow>
         </process>
      </types1:Entry>
      <types1:GUID>3Z8oRyZdV0Lddl9AhlLwWO</types1:GUID>
      <types1:DisplayName>Incident_Comment_Create_Main_Process</types1:DisplayName>
   </types1:Item>
   <types1:CurrentServerDateTime>2019-06-14T06:00:22.392Z</types1:CurrentServerDateTime>
</aetgt:getResponse>
