<aetgt:getResponse xmlns:aetgt="http://schemas.active-endpoints.com/appmodules/repository/2010/10/avrepository.xsd"
                   xmlns:types1="http://schemas.active-endpoints.com/appmodules/repository/2010/10/avrepository.xsd">
   <types1:Item>
      <types1:EntryId>Rm49WPZ8DfYLnzY-gt-13067821-2019-06-11T07:54:07.08Z::pd.xml</types1:EntryId>
      <types1:Name>Incident_Attachment_Create_Main_Process</types1:Name>
      <types1:MimeType>application/xml+process</types1:MimeType>
      <types1:Description/>
      <types1:AppliesTo/>
      <types1:Tags>.anonymous</types1:Tags>
      <types1:VersionLabel>1.0</types1:VersionLabel>
      <types1:State>CURRENT</types1:State>
      <types1:ProcessGroup/>
      <types1:CreatedBy>kkarimajji@athenahealth.com.dev</types1:CreatedBy>
      <types1:CreationDate>2019-06-11T07:54:07Z</types1:CreationDate>
      <types1:ModifiedBy>rkalaga@athenahealth.com.dev</types1:ModifiedBy>
      <types1:ModificationDate>2019-06-13T16:04:58Z</types1:ModificationDate>
      <types1:PublicationStatus>published</types1:PublicationStatus>
      <types1:PublishedBy>rkalaga@athenahealth.com.dev</types1:PublishedBy>
      <types1:PublicationDate>2019-06-13T19:04:17Z</types1:PublicationDate>
      <types1:PublishedContributionId>project:/spi.Incident_Attachment_Create_Main_Process/Incident_Attachment_Create_Main_Process.pd.xml</types1:PublishedContributionId>
      <types1:AutosaveExists>false</types1:AutosaveExists>
      <types1:Entry>
         <process xmlns="http://schemas.active-endpoints.com/appmodules/screenflow/2010/10/avosScreenflow.xsd"
                  xmlns:list="urn:activevos:spi:list:functions"
                  displayName="Incident_Attachment_Create_Main_Process"
                  name="Incident_Attachment_Create_Main_Process">
            <appliesTo/>
            <description/>
            <tags>.anonymous</tags>
            <generator>Informatica Process Designer 11</generator>
            <input>
               <parameter description="" name="Payload" type="reference">
                  <options>
                     <option name="referenceTo">Salesforce-Attachment-Connection:Notifications_AnonymousType</option>
                     <option name="required">false</option>
                     <option name="isCopy">true</option>
                     <option name="guid">96Pu3YK2JSeimm543tN1gJ</option>
                  </options>
               </parameter>
            </input>
            <output>
               <field description="" name="Ack" type="reference">
                  <options>
                     <option name="referenceTo">Salesforce-Attachment-Connection:NotificationsResponse_AnonymousType</option>
                     <option name="required">false</option>
                     <option name="isCopy">true</option>
                     <option name="guid">96Pu3YK2JSeimm543tN1gJ</option>
                  </options>
               </field>
            </output>
            <notes/>
            <deployment suspendOnFault="false" tracingLevel="verbose">
               <rest>
                  <allowAnonymousAccess/>
                  <wholePayload inputWholePayload="true" outputWholePayload="true"/>
               </rest>
            </deployment>
            <flow id="a">
               <start id="b">
                  <link id="jwstuiuy" targetId="jwstuiux"/>
               </start>
               <service id="jwstuiux">
                  <title>Get_Case_Details</title>
                  <serviceName>Salesforce-Case-Connection:Get_Case_Details</serviceName>
                  <serviceGUID>kR9y172ggEoeqqe9azsHeO</serviceGUID>
                  <serviceInput>
                     <parameter name="Session_Id" source="field" updatable="true">input.Payload[1]/SessionId</parameter>
                     <parameter name="URL" source="constant">https://athenahealth--caseexch.cs1.my.salesforce.com//services/data/v45.0/query?q=Select+Id,IsDeleted,CaseNumber,OwnerId,ContactId,AccountId,AssetId,ProductId,Type,Status,Reason,Origin,Subject,Priority,Description,IsClosed,CreatedById,CreatedDate,ContactPhone,Comments,CaseExch_Incident_Number__c,CaseExch_Sys_ID__c,owner.Name,owner.Username,Owner.Email,Owner.Phone,LastModifiedDate,Severity__c,Context_ID__c,CreatedBy.Name+from+Case+where+Id=</parameter>
                     <parameter name="Case_Id" source="field" updatable="true">input.Payload[1]/Notification[1]/sObject[1]/CaseExch_CaseId__c</parameter>
                  </serviceInput>
                  <link id="jwuumiug" targetId="jwuumiuf"/>
               </service>
               <service id="jwstuix1">
                  <title>Get_Process_Name</title>
                  <serviceName>Salesforce-Attachment-Connection:Get_Process_Name</serviceName>
                  <serviceGUID>96Pu3YK2JSeimm543tN1gJ</serviceGUID>
                  <serviceInput>
                     <parameter name="URL" source="constant">https://athenahealth--caseexch.cs1.my.salesforce.com/services/data/v45.0/query?q=select+CaseExch_Process_Name__c+from+CaseExch_ProcessNames__c+where+CaseExch_Context_id__c=</parameter>
                     <parameter name="SessionId" source="field" updatable="true">input.Payload[1]/SessionId</parameter>
                     <parameter name="Context_Id" source="field" updatable="true">output.Context_ID__c</parameter>
                  </serviceInput>
                  <link id="jwstuiz5" targetId="jwstuiz4"/>
               </service>
               <service id="jwstuipf">
                  <title>Count_Of_Records_From_Queue</title>
                  <serviceName>Salesforce-Attachment-Connection:Count_Of_Records_From_Queue</serviceName>
                  <serviceGUID>96Pu3YK2JSeimm543tN1gJ</serviceGUID>
                  <serviceInput>
                     <parameter name="URL" source="constant">https://athenahealth--caseexch.cs1.my.salesforce.com//services/data/v45.0/query?q=select+count(Id)+No_of_Records+from+CaseExch_Queue__c+where+CaseExch_CaseId__c=</parameter>
                     <parameter name="SessionId" source="field" updatable="true">input.Payload[1]/SessionId</parameter>
                     <parameter name="CaseId" source="field" updatable="true">input.Payload[1]/Notification[1]/sObject[1]/CaseExch_CaseId__c</parameter>
                  </serviceInput>
                  <link id="jwstuiph" targetId="jwstuiov"/>
               </service>
               <container id="jwuumiuf" type="exclusive">
                  <title>CaseExch_Sys_Id__c</title>
                  <flow id="jwuumiuj">
                     <throw id="jwuumivd">
                        <title>Throw 1</title>
                        <throwInput>
                           <parameter name="code" source="constant" updatable="true">Error</parameter>
                           <parameter name="detail" source="formula" updatable="true">
                              <expression language="XQuery">'Service Now System Id is empty or null on' || $output.Case_Number</expression>
                           </parameter>
                           <parameter name="reason" source="formula" updatable="true">
                              <expression language="XQuery">'Service Now System Id is empty or null on' || $output.Case_Number</expression>
                           </parameter>
                        </throwInput>
                     </throw>
                  </flow>
                  <flow id="jwuumium">
                     <link id="jwuumiun" targetId="jwuumiuf" type="containerLink"/>
                  </flow>
                  <link id="jwuumiui" targetId="jwuumiuj" type="containerLink">
                     <condition source="formula">
                        <function name="string-equals">
                           <arg name="left">{$output.CaseExch_Sys_Id__c}</arg>
                           <arg name="right"/>
                        </function>
                     </condition>
                  </link>
                  <link id="jwuumiul" targetId="jwuumium" type="containerLink"/>
                  <link id="jwuumiuh" targetId="jwstuix1"/>
               </container>
               <container id="jwstuiz4" type="exclusive">
                  <title>Process_Name</title>
                  <flow id="jwstuiz8">
                     <link id="jwstuiz9" targetId="jwstuiz4" type="containerLink"/>
                  </flow>
                  <flow id="jwstuizb">
                     <container id="jwumm5ju" type="exclusive">
                        <title>Process_Name</title>
                        <flow id="jwumm5kh">
                           <throw id="jwumm5nc">
                              <title>Throw 2</title>
                              <throwInput>
                                 <parameter name="code" source="constant" updatable="true">Error</parameter>
                                 <parameter name="detail" source="constant" updatable="true">Process Name is Empty</parameter>
                                 <parameter name="reason" source="constant" updatable="true">Process Name is Empty</parameter>
                              </throwInput>
                           </throw>
                        </flow>
                        <flow id="jwumm5kj">
                           <end id="jwumm5m3">
                              <title>End 2</title>
                           </end>
                        </flow>
                        <link id="jwumm5ka" targetId="jwumm5kh" type="containerLink">
                           <condition source="formula">
                              <function name="string-equals">
                                 <arg name="left">{$output.Process_Name}</arg>
                                 <arg name="right"/>
                              </function>
                           </condition>
                        </link>
                        <link id="jwumm5kd" targetId="jwumm5kj" type="containerLink"/>
                     </container>
                  </flow>
                  <link id="jwstuiz7" targetId="jwstuiz8" type="containerLink">
                     <condition source="formula">
                        <function name="string-equals">
                           <arg name="left">{$output.Process_Name}</arg>
                           <arg name="right">CHS</arg>
                        </function>
                     </condition>
                  </link>
                  <link id="jwstuiza" targetId="jwstuizb" type="containerLink"/>
                  <link id="jwstuiz6" targetId="jwrst6i9"/>
               </container>
               <container id="jwstuiov" type="exclusive">
                  <title>No_of_Records</title>
                  <flow id="jwstuioz">
                     <link id="jwstuip0" targetId="jwstuiov" type="containerLink"/>
                  </flow>
                  <flow id="jwstuip2">
                     <end id="jwstuisi">
                        <title>End 1</title>
                     </end>
                  </flow>
                  <link id="jwstuioy" targetId="jwstuioz" type="containerLink">
                     <condition source="formula">
                        <function name="string-equals">
                           <arg name="left">{$output.No_of_Records}</arg>
                           <arg name="right">0</arg>
                        </function>
                     </condition>
                  </link>
                  <link id="jwstuip1" targetId="jwstuip2" type="containerLink"/>
                  <link id="jwstuiox" targetId="jwrst6ni"/>
               </container>
               <subflow id="jwrst6i9">
                  <title>CHS_Incident_Attachment_Create_Sub_Process</title>
                  <subflowGUID>9gVXgUdWgjYcbDgzLSpT4U</subflowGUID>
                  <subflowPath>CHS_Incident_Attachment_Create_Sub_Process</subflowPath>
                  <runForEach>false</runForEach>
                  <input>
                     <parameter name="ContentDocumentId" source="field" updatable="true">input.Payload[1]/Notification[1]/sObject[1]/CaseExch_Content_Document_Id__c</parameter>
                     <parameter name="SessionId" source="field" updatable="true">input.Payload[1]/SessionId</parameter>
                     <parameter name="CaseId" source="field" updatable="true">input.Payload[1]/Notification[1]/sObject[1]/CaseExch_CaseId__c</parameter>
                     <parameter name="QueueId" source="field" updatable="true">input.Payload[1]/Notification[1]/sObject[1]/Id</parameter>
                     <parameter name="SysId" source="field" updatable="true">output.CaseExch_Sys_Id__c</parameter>
                  </input>
                  <outputDef>
                     <field name="LinkedEntityId" type="string">
                        <options>
                           <option name="required">false</option>
                        </options>
                     </field>
                     <field name="VersionData" type="string">
                        <options>
                           <option name="required">false</option>
                        </options>
                     </field>
                  </outputDef>
                  <link id="jwstuipg" targetId="jwstuipf"/>
               </subflow>
               <assignment id="jwrst6ni">
                  <title>Assignment to Ack</title>
                  <operation source="formula" to="output.Ack">
                     <expression language="XQuery">&lt;NotificationsResponse_AnonymousType&gt;
   &lt;Ack&gt;true&lt;/Ack&gt;
&lt;/NotificationsResponse_AnonymousType&gt;
</expression>
                  </operation>
                  <link id="jwrst6nk" targetId="c"/>
               </assignment>
               <end id="c"/>
            </flow>
         </process>
      </types1:Entry>
      <types1:GUID>aRGZUV58jqjbZYcERpeUKw</types1:GUID>
      <types1:DisplayName>Incident_Attachment_Create_Main_Process</types1:DisplayName>
   </types1:Item>
   <types1:CurrentServerDateTime>2019-06-14T06:00:22.402Z</types1:CurrentServerDateTime>
</aetgt:getResponse>
