<aetgt:getResponse xmlns:aetgt="http://schemas.active-endpoints.com/appmodules/repository/2010/10/avrepository.xsd"
                   xmlns:types1="http://schemas.active-endpoints.com/appmodules/repository/2010/10/avrepository.xsd">
   <types1:Item>
      <types1:EntryId>GOkSSHCwkNmumf6-gt-10721561-2019-06-10T10:59:03.552Z::svc.xml</types1:EntryId>
      <types1:Name>Salesforce_Comment_Connector</types1:Name>
      <types1:ParentFlowIds>xXlQNOQoVVVVVVV-gt-1598512-2019-06-10T10:59:49.371Z::conn.xml</types1:ParentFlowIds>
      <types1:MimeType>application/xml+businesssconnector</types1:MimeType>
      <types1:Description/>
      <types1:AppliesTo/>
      <types1:Tags/>
      <types1:VersionLabel>1.0</types1:VersionLabel>
      <types1:State>CURRENT</types1:State>
      <types1:ProcessGroup/>
      <types1:CreatedBy>kkarimajji@athenahealth.com.dev</types1:CreatedBy>
      <types1:CreationDate>2019-06-10T10:59:04Z</types1:CreationDate>
      <types1:ModifiedBy>luppalanchi@athenahealth.com.dev</types1:ModifiedBy>
      <types1:ModificationDate>2019-06-12T07:46:25Z</types1:ModificationDate>
      <types1:PublicationStatus>published</types1:PublicationStatus>
      <types1:PublishedBy>rkalaga@athenahealth.com.dev</types1:PublishedBy>
      <types1:PublicationDate>2019-06-12T17:17:20Z</types1:PublicationDate>
      <types1:PublishedContributionId>project:/rt.connector/Salesforce_Comment_Connector/Salesforce_Comment_Connector_svcDef.xml</types1:PublishedContributionId>
      <types1:AutosaveExists>false</types1:AutosaveExists>
      <types1:Entry>
         <businessConnector xmlns="http://schemas.informatica.com/socrates/data-services/2014/05/business-connector-model.xsd"
                            agentOnly="false"
                            debug="false"
                            displayName="Salesforce_Comment_Connector"
                            label=""
                            name="Salesforce_Comment_Connector"
                            uuid="68404128-771f-41a1-b81f-b14d0cc3d649">
            <description/>
            <tags/>
            <connectionAttributes xmlns="http://schemas.informatica.com/appmodules/screenflow/2014/04/avosConnectors.xsd"/>
            <actions>
               <action category=""
                       failOnError="true"
                       forSearch="false"
                       isAbstract="true"
                       label="BaseAction"
                       maxRedirects="100"
                       name="BaseAction"
                       preemptiveAuth="true"
                       responseEncoding="">
                  <description/>
                  <input/>
                  <binding>
                     <restSimpleBinding multiUsing="semicolonSeparated"
                                        url="https://use4-cai.dm-us.informaticacloud.com/active-bpel/public/soap/fbGDQTXUGqGjBNr9dqJfqY/CHS_Incident_Comment_Create_Subprocess"
                                        verb="POST">
                        <httpHeaders>
                           <header name="Content-Type">text/xml; charset=utf-8</header>
                        </httpHeaders>
                        <body/>
                     </restSimpleBinding>
                  </binding>
                  <output/>
               </action>
               <action category=""
                       failOnError="true"
                       forSearch="false"
                       inherits="BaseAction"
                       label="notifications"
                       maxRedirects="100"
                       name="notifications"
                       preemptiveAuth="true"
                       responseEncoding="">
                  <description/>
                  <inheritanceMetadata>
                     <section type="output">
                        <section type="outputFields"/>
                     </section>
                     <section type="restSimpleBinding">
                        <section type="body">
                           <attribute inherit="overwrite" name="content" type="content"/>
                        </section>
                        <section type="httpHeaders">
                           <attribute inherit="inherit" name="Content-Type" type="header"/>
                        </section>
                        <section type="otherParams"/>
                     </section>
                  </inheritanceMetadata>
                  <input>
                     <parameter name="notifications"
                                required="false"
                                testWith=""
                                type="reference">
                        <options>
                           <option name="referenceTo">Notifications_AnonymousType</option>
                        </options>
                     </parameter>
                  </input>
                  <binding>
                     <restSimpleBinding url="https://use4-cai.dm-us.informaticacloud.com/active-bpel/public/soap/fbGDQTXUGqGjBNr9dqJfqY/CHS_Incident_Comment_Create_Subprocess"
                                        verb="POST">
                        <httpHeaders>
                           <header name="SOAPAction">""</header>
                        </httpHeaders>
                        <body>&lt;soap:Envelope xmlns:soap="http://schemas.xmlsoap.org/soap/envelope/"&gt;
   &lt;soap:Header/&gt;
   &lt;soap:Body&gt;
      &lt;ns:notifications xmlns:ns="http://soap.sforce.com/2005/09/outbound"&gt;
            &lt;ns:OrganizationId&gt;{$notifications/OrganizationId/text()}&lt;/ns:OrganizationId&gt;
            &lt;ns:ActionId&gt;{$notifications/ActionId/text()}&lt;/ns:ActionId&gt;
            &lt;ns:SessionId&gt;{$notifications/SessionId/text()}&lt;/ns:SessionId&gt;
            &lt;ns:EnterpriseUrl&gt;{$notifications/EnterpriseUrl/text()}&lt;/ns:EnterpriseUrl&gt;
            &lt;ns:PartnerUrl&gt;{$notifications/PartnerUrl/text()}&lt;/ns:PartnerUrl&gt;
            {
                for $Notification in $notifications/Notification
                return
                &lt;ns:Notification&gt;
                    &lt;ns:Id&gt;{$Notification/Id/text()}&lt;/ns:Id&gt;
                    &lt;ns:sObject&gt;
                        {
                            for $fieldsToNull in $Notification/sObject/fieldsToNull
                            return
                            &lt;ns1:fieldsToNull xmlns:ns1="urn:sobject.enterprise.soap.sforce.com"&gt;{$fieldsToNull/text()}&lt;/ns1:fieldsToNull&gt;
                        }
                        &lt;ns1:Id xmlns:ns1="urn:sobject.enterprise.soap.sforce.com"&gt;{$notifications/Notification/sObject/Id/text()}&lt;/ns1:Id&gt;
                    &lt;/ns:sObject&gt;
                &lt;/ns:Notification&gt;
            }
        &lt;/ns:notifications&gt;
   &lt;/soap:Body&gt;
&lt;/soap:Envelope&gt;</body>
                     </restSimpleBinding>
                  </binding>
                  <output>
                     <field description="" name="notificationsResponse" type="reference">
                        <options>
                           <option name="referenceTo">NotificationsResponse_AnonymousType</option>
                        </options>
                        <xquery>{util:simplifyXml(//*[local-name()='notificationsResponse'])}</xquery>
                     </field>
                  </output>
               </action>
               <action category=""
                       failOnError="true"
                       forSearch="false"
                       label="Get_Case_Comment_Details"
                       maxRedirects="100"
                       name="Get_Case_Comment_Details"
                       preemptiveAuth="true"
                       responseEncoding="">
                  <description/>
                  <input>
                     <parameter name="URL"
                                nogen="true"
                                required="false"
                                testWith="https://athenahealth--caseexch.cs1.my.salesforce.com//services/data/v45.0/query?q=SELECT+id,ParentId,CommentBody,Parent.CaseExch_Sys_Id__c,Parent.Context_ID__c+from+CaseComment+where+id="
                                type="string"/>
                     <parameter name="CaseCommentId"
                                nogen="true"
                                required="false"
                                testWith="00aS0000004vydgIAA"
                                type="string"/>
                     <parameter name="Session_Id"
                                nogen="true"
                                required="false"
                                testWith="00DS0000003ElIT!AQQAQEPgpT8oGIvI5rX8h8R5e.irbwHEt2u7fJT1Jh2cx6HSOHLe80m8sCm5yQX9DSaoBnoBn1Jvn3L0Xuso6fcybHvDQalT"
                                type="string"/>
                  </input>
                  <binding>
                     <restSimpleBinding multiUsing="semicolonSeparated"
                                        url="{$URL}'{$CaseCommentId}'"
                                        verb="GET">
                        <httpHeaders>
                           <header name="Authorization">{fn:concat("Bearer " , $Session_Id)}</header>
                        </httpHeaders>
                     </restSimpleBinding>
                  </binding>
                  <output>
                     <field description="" name="CaseCommentId" property="Id" type="string"/>
                     <field description=""
                            name="CommentBody"
                            property="CommentBody"
                            type="string"/>
                     <field description=""
                            name="ParentId"
                            property="ParentId"
                            type="string"/>
                     <field description=""
                            name="Sys_ID"
                            property="CaseExch_Sys_ID__c"
                            type="string"/>
                     <field description=""
                            name="Context_Id"
                            property="Context_ID__c"
                            type="string"/>
                  </output>
               </action>
               <action category=""
                       failOnError="true"
                       forSearch="false"
                       label="Get_Process_Name"
                       maxRedirects="100"
                       name="Get_Process_Name"
                       preemptiveAuth="true"
                       responseEncoding="">
                  <description/>
                  <input>
                     <parameter name="Session_Id"
                                nogen="true"
                                required="true"
                                testWith="00DS0000003ElIT!AQQAQJgR6h9eufFvlWCsrkmXNeP1PqMBjBO8zAbcruz9iAikdC70L_dPi44tH4cSyBc1shlJ7uK_1iVxcpq_Tl65qco02Wud"
                                type="string"/>
                     <parameter name="URL"
                                nogen="true"
                                required="true"
                                testWith="https://athenahealth--caseexch.cs1.my.salesforce.com/services/data/v45.0/query?q=select+CaseExch_Process_Name__c+from+CaseExch_ProcessNames__c+where+CaseExch_Context_id__c="
                                type="string"/>
                     <parameter name="Context_Id"
                                nogen="true"
                                required="true"
                                testWith="123"
                                type="string"/>
                  </input>
                  <binding>
                     <restSimpleBinding multiUsing="semicolonSeparated"
                                        url="{$URL}'{$Context_Id}'"
                                        verb="GET">
                        <httpHeaders>
                           <header name="Authorization">{fn:concat("Bearer " , $Session_Id)}</header>
                        </httpHeaders>
                     </restSimpleBinding>
                  </binding>
                  <output>
                     <field description=""
                            name="process_name"
                            property="CaseExch_Process_Name__c"
                            type="string"/>
                  </output>
               </action>
            </actions>
            <objects>
               <processObject xmlns="http://schemas.active-endpoints.com/appmodules/screenflow/2011/06/avosHostEnvironment.xsd"
                              isByCopy="true"
                              name="CaseComment">
                  <description/>
                  <detail>
                     <field name="fieldsToNull" type="string"/>
                     <field name="Id" type="string"/>
                  </detail>
               </processObject>
               <processObject xmlns="http://schemas.active-endpoints.com/appmodules/screenflow/2011/06/avosHostEnvironment.xsd"
                              isByCopy="true"
                              name="CaseCommentNotification">
                  <description/>
                  <detail>
                     <field name="Id" type="string"/>
                     <field name="sObject" type="reference">
                        <options>
                           <option name="referenceTo">CaseComment</option>
                           <option name="relationshipName">Child</option>
                        </options>
                     </field>
                  </detail>
               </processObject>
               <processObject xmlns="http://schemas.active-endpoints.com/appmodules/screenflow/2011/06/avosHostEnvironment.xsd"
                              isByCopy="true"
                              name="NotificationsResponse_AnonymousType">
                  <description/>
                  <detail>
                     <field name="Ack" type="boolean"/>
                  </detail>
               </processObject>
               <processObject xmlns="http://schemas.active-endpoints.com/appmodules/screenflow/2011/06/avosHostEnvironment.xsd"
                              isByCopy="true"
                              name="Notifications_AnonymousType">
                  <description/>
                  <detail>
                     <field name="OrganizationId" type="string"/>
                     <field name="ActionId" type="string"/>
                     <field name="SessionId" type="string"/>
                     <field name="EnterpriseUrl" type="string"/>
                     <field name="PartnerUrl" type="string"/>
                     <field name="Notification" type="objectlist">
                        <options>
                           <option name="referenceTo">CaseCommentNotification</option>
                           <option name="relationshipName">Child</option>
                        </options>
                     </field>
                  </detail>
               </processObject>
            </objects>
         </businessConnector>
      </types1:Entry>
      <types1:GUID>3nPdDEK86SzepfyfFekZw7</types1:GUID>
      <types1:DisplayName>Salesforce_Comment_Connector</types1:DisplayName>
   </types1:Item>
   <types1:CurrentServerDateTime>2019-06-14T06:00:21.578Z</types1:CurrentServerDateTime>
</aetgt:getResponse>
