<aetgt:getResponse xmlns:aetgt="http://schemas.active-endpoints.com/appmodules/repository/2010/10/avrepository.xsd"
                   xmlns:types1="http://schemas.active-endpoints.com/appmodules/repository/2010/10/avrepository.xsd">
   <types1:Item>
      <types1:EntryId>XEQT53nQciSrZMS-gt-10029630-2019-06-10T05:14:33.803Z::svc.xml</types1:EntryId>
      <types1:Name>Salesforce_Case_Connector</types1:Name>
      <types1:ParentFlowIds>E6WdyH72yIYmWR7-gt-1550438-2019-06-10T05:22:36.489Z::conn.xml</types1:ParentFlowIds>
      <types1:MimeType>application/xml+businesssconnector</types1:MimeType>
      <types1:Description/>
      <types1:AppliesTo/>
      <types1:Tags/>
      <types1:VersionLabel>1.0</types1:VersionLabel>
      <types1:State>CURRENT</types1:State>
      <types1:ProcessGroup/>
      <types1:CreatedBy>kkarimajji@athenahealth.com.dev</types1:CreatedBy>
      <types1:CreationDate>2019-06-10T05:14:34Z</types1:CreationDate>
      <types1:ModifiedBy>luppalanchi@athenahealth.com.dev</types1:ModifiedBy>
      <types1:ModificationDate>2019-06-12T09:28:14Z</types1:ModificationDate>
      <types1:PublicationStatus>published</types1:PublicationStatus>
      <types1:PublishedBy>luppalanchi@athenahealth.com.dev</types1:PublishedBy>
      <types1:PublicationDate>2019-06-12T09:28:18Z</types1:PublicationDate>
      <types1:PublishedContributionId>project:/rt.connector/Salesforce_Case_Connector/Salesforce_Case_Connector_svcDef.xml</types1:PublishedContributionId>
      <types1:AutosaveExists>false</types1:AutosaveExists>
      <types1:Entry>
         <businessConnector xmlns="http://schemas.informatica.com/socrates/data-services/2014/05/business-connector-model.xsd"
                            agentOnly="false"
                            debug="false"
                            displayName="Salesforce_Case_Connector"
                            label=""
                            name="Salesforce_Case_Connector"
                            uuid="5f5a8239-4170-4fb0-987d-489f51fb6375">
            <description/>
            <tags/>
            <connectionAttributes xmlns="http://schemas.informatica.com/appmodules/screenflow/2014/04/avosConnectors.xsd"/>
            <actions>
               <action category=""
                       failOnError="true"
                       forSearch="false"
                       isAbstract="true"
                       label="BaseAction"
                       maxRedirects="100"
                       name="BaseAction"
                       preemptiveAuth="true"
                       responseEncoding="">
                  <description/>
                  <input/>
                  <binding>
                     <restSimpleBinding multiUsing="semicolonSeparated"
                                        url="https://use4-cai.dm-us.informaticacloud.com/active-bpel/public/soap/fbGDQTXUGqGjBNr9dqJfqY/Incident_Create_Or_Update_Main_Process"
                                        verb="POST">
                        <httpHeaders>
                           <header name="Content-Type">text/xml; charset=utf-8</header>
                        </httpHeaders>
                        <body/>
                     </restSimpleBinding>
                  </binding>
                  <output/>
               </action>
               <action category=""
                       failOnError="true"
                       forSearch="false"
                       inherits="BaseAction"
                       label="notifications"
                       maxRedirects="100"
                       name="notifications"
                       preemptiveAuth="true"
                       responseEncoding="">
                  <description/>
                  <inheritanceMetadata>
                     <section type="output">
                        <section type="outputFields"/>
                     </section>
                     <section type="restSimpleBinding">
                        <section type="body">
                           <attribute inherit="overwrite" name="content" type="content"/>
                        </section>
                        <section type="httpHeaders">
                           <attribute inherit="inherit" name="Content-Type" type="header"/>
                        </section>
                        <section type="otherParams"/>
                     </section>
                  </inheritanceMetadata>
                  <input>
                     <parameter name="notifications"
                                required="false"
                                testWith=""
                                type="reference">
                        <options>
                           <option name="referenceTo">Notifications_AnonymousType</option>
                        </options>
                     </parameter>
                  </input>
                  <binding>
                     <restSimpleBinding url="https://use4-cai.dm-us.informaticacloud.com/active-bpel/public/soap/fbGDQTXUGqGjBNr9dqJfqY/CHS_Incident_Create_Or_Update_Sub_Process"
                                        verb="POST">
                        <httpHeaders>
                           <header name="SOAPAction">""</header>
                        </httpHeaders>
                        <body>&lt;soap:Envelope xmlns:soap="http://schemas.xmlsoap.org/soap/envelope/"&gt;
   &lt;soap:Header/&gt;
   &lt;soap:Body&gt;
      &lt;ns:notifications xmlns:ns="http://soap.sforce.com/2005/09/outbound"&gt;
            &lt;ns:OrganizationId&gt;{$notifications/OrganizationId/text()}&lt;/ns:OrganizationId&gt;
            &lt;ns:ActionId&gt;{$notifications/ActionId/text()}&lt;/ns:ActionId&gt;
            &lt;ns:SessionId&gt;{$notifications/SessionId/text()}&lt;/ns:SessionId&gt;
            &lt;ns:EnterpriseUrl&gt;{$notifications/EnterpriseUrl/text()}&lt;/ns:EnterpriseUrl&gt;
            &lt;ns:PartnerUrl&gt;{$notifications/PartnerUrl/text()}&lt;/ns:PartnerUrl&gt;
            {
                for $Notification in $notifications/Notification
                return
                &lt;ns:Notification&gt;
                    &lt;ns:Id&gt;{$Notification/Id/text()}&lt;/ns:Id&gt;
                    &lt;ns:sObject&gt;
                        {
                            for $fieldsToNull in $Notification/sObject/fieldsToNull
                            return
                            &lt;ns1:fieldsToNull xmlns:ns1="urn:sobject.enterprise.soap.sforce.com"&gt;{$fieldsToNull/text()}&lt;/ns1:fieldsToNull&gt;
                        }
                        &lt;ns1:Id xmlns:ns1="urn:sobject.enterprise.soap.sforce.com"&gt;{$notifications/Notification/sObject/Id/text()}&lt;/ns1:Id&gt;
                    &lt;/ns:sObject&gt;
                &lt;/ns:Notification&gt;
            }
        &lt;/ns:notifications&gt;
   &lt;/soap:Body&gt;
&lt;/soap:Envelope&gt;</body>
                     </restSimpleBinding>
                  </binding>
                  <output>
                     <field description="" name="notificationsResponse" type="reference">
                        <options>
                           <option name="referenceTo">NotificationsResponse_AnonymousType</option>
                        </options>
                        <xquery>{util:simplifyXml(//*[local-name()='notificationsResponse'])}</xquery>
                     </field>
                  </output>
               </action>
               <action category=""
                       failOnError="true"
                       forSearch="false"
                       label="Update_Incident_Details_In_Case"
                       maxRedirects="100"
                       name="Update_Incident_Details_In_Case"
                       preemptiveAuth="true"
                       responseEncoding="">
                  <description/>
                  <input>
                     <parameter name="URL"
                                nogen="true"
                                required="false"
                                testWith="https://athenahealth--caseexch.cs1.my.salesforce.com/services/data/v45.0/sobjects/Case/"
                                type="string"/>
                     <parameter name="Case_Id"
                                nogen="true"
                                required="false"
                                testWith="500S000000AKxw3IAD"
                                type="string"/>
                     <parameter name="CaseExch_Incident_Number__c"
                                required="false"
                                testWith="INC2688374"
                                type="string"/>
                     <parameter name="CaseExch_Sys_ID__c"
                                required="false"
                                testWith="f4d8e2b8dbb1f7c479fc4cd2399619ec"
                                type="string"/>
                     <parameter name="Session_Id"
                                nogen="true"
                                required="false"
                                testWith="00DS0000003ElIT!AQQAQPD.82nmd3iOtBDzDbI9ynh2ejBWXbhXxYHIVBFql4cCSO885nm_gL1UTzy_jiO2ulUcSNWz7jNmXk1CGWwwsG7TEVhR"
                                type="string"/>
                  </input>
                  <binding>
                     <restSimpleBinding multiUsing="semicolonSeparated" url="{$URL}{$Case_Id}" verb="PATCH">
                        <httpHeaders>
                           <header name="Authorization">{fn:concat("Bearer " , $Session_Id)}</header>
                        </httpHeaders>
                        <body generateUsing="JSON" preserveJsonStringFormatting="true"/>
                     </restSimpleBinding>
                  </binding>
                  <output/>
               </action>
               <action category=""
                       failOnError="true"
                       forSearch="false"
                       label="Get_Case_Details"
                       maxRedirects="100"
                       name="Get_Case_Details"
                       preemptiveAuth="true"
                       responseEncoding="">
                  <description/>
                  <input>
                     <parameter name="Session_Id"
                                nogen="true"
                                required="false"
                                testWith="00DS0000003ElIT!AQQAQEPgpT8oGIvI5rX8h8R5e.irbwHEt2u7fJT1Jh2cx6HSOHLe80m8sCm5yQX9DSaoBnoBn1Jvn3L0Xuso6fcybHvDQalT"
                                type="string"/>
                     <parameter name="URL"
                                nogen="true"
                                required="false"
                                testWith="https://athenahealth--caseexch.cs1.my.salesforce.com//services/data/v45.0/query?q=Select+Id,IsDeleted,CaseNumber,OwnerId,ContactId,AccountId,AssetId,ProductId,Type,Status,Reason,Origin,Subject,Priority,Description,IsClosed,CreatedById,CreatedDate,ContactPhone,Comments,CaseExch_Incident_Number__c,CaseExch_Sys_ID__c,owner.Name,owner.Username,Owner.Email,Owner.Phone,LastModifiedDate,Severity__c,Context_ID__c,CreatedBy.Name+from+Case+where+Id="
                                type="string"/>
                     <parameter name="Case_Id"
                                required="false"
                                testWith="500S000000ASadNIAT"
                                type="string"/>
                  </input>
                  <binding>
                     <restSimpleBinding multiUsing="semicolonSeparated" url="{$URL}'{$Case_Id}'" verb="GET">
                        <httpHeaders>
                           <header name="Authorization">{fn:concat("Bearer " , $Session_Id)}</header>
                        </httpHeaders>
                     </restSimpleBinding>
                  </binding>
                  <output>
                     <field description="" name="Case_Id" property="Id" type="string"/>
                     <field description=""
                            name="Is_Deleted"
                            property="IsDeleted"
                            type="string"/>
                     <field description=""
                            name="Case_Number"
                            property="CaseNumber"
                            type="string"/>
                     <field description="" name="Owner_Id" property="OwnerId" type="string"/>
                     <field description=""
                            name="Contact_Id"
                            property="ContactId"
                            type="string"/>
                     <field description=""
                            name="Account_Id"
                            property="AccountId"
                            type="string"/>
                     <field description="" name="Asset_Id" property="AssetId" type="string"/>
                     <field description=""
                            name="Product_Id"
                            property="ProductId"
                            type="string"/>
                     <field description="" name="Case_Type" property="Type" type="string"/>
                     <field description=""
                            name="Case_Status"
                            property="Status"
                            type="string"/>
                     <field description=""
                            name="Case_Reason"
                            property="Reason"
                            type="string"/>
                     <field description=""
                            name="Case_Origin"
                            property="Origin"
                            type="string"/>
                     <field description="" name="Subject" property="Subject" type="string"/>
                     <field description=""
                            name="Case_Priority"
                            property="Priority"
                            type="string"/>
                     <field description=""
                            name="Case_Description"
                            property="Description"
                            type="string"/>
                     <field description=""
                            name="Is_Closed"
                            property="IsClosed"
                            type="string"/>
                     <field description=""
                            name="Created_By_Id"
                            property="CreatedById"
                            type="string"/>
                     <field description=""
                            name="Created_Date"
                            property="CreatedDate"
                            type="string"/>
                     <field description=""
                            name="Contact_Phone"
                            property="ContactPhone"
                            type="string"/>
                     <field description=""
                            name="Comments"
                            property="Comments"
                            type="string"/>
                     <field description=""
                            name="CaseExch_Incident_Number__C"
                            property="CaseExch_Incident_Number__c"
                            type="string"/>
                     <field description=""
                            name="CaseExch_Sys_Id__c"
                            property="CaseExch_Sys_ID__c"
                            type="string"/>
                     <field description=""
                            name="Case_Owner_Name"
                            property="Name"
                            type="string"/>
                     <field description=""
                            name="Case_Owner_User_Name"
                            property="Username"
                            type="string"/>
                     <field description=""
                            name="Case _Owner_Email"
                            property="Email"
                            type="string"/>
                     <field description=""
                            name="Case_Owner_Phone"
                            property="Phone"
                            type="string"/>
                     <field description=""
                            name="Context_ID__c"
                            property="Context_ID__c"
                            type="string"/>
                     <field description=""
                            name="Severity__c"
                            property="Severity__c"
                            type="string"/>
                     <field description=""
                            name="LastModifiedDate"
                            property="LastModifiedDate"
                            type="string"/>
                     <field description=""
                            name="CreatedBy_Name"
                            property="Name"
                            type="string"/>
                  </output>
               </action>
               <action category=""
                       failOnError="true"
                       forSearch="false"
                       label="Get_Process_Name"
                       maxRedirects="100"
                       name="Get_Process_Name"
                       preemptiveAuth="true"
                       responseEncoding="">
                  <description/>
                  <input>
                     <parameter name="Session_Id"
                                required="true"
                                testWith="00DS0000003ElIT!AQQAQEPgpT8oGIvI5rX8h8R5e.irbwHEt2u7fJT1Jh2cx6HSOHLe80m8sCm5yQX9DSaoBnoBn1Jvn3L0Xuso6fcybHvDQalT"
                                type="string"/>
                     <parameter name="URL"
                                required="true"
                                testWith="https://athenahealth--caseexch.cs1.my.salesforce.com/services/data/v45.0/query?q=select+CaseExch_Process_Name__c+from+CaseExch_ProcessNames__c+where+CaseExch_Context_id__c="
                                type="string"/>
                     <parameter name="Context_Id" required="true" testWith="123" type="string"/>
                  </input>
                  <binding>
                     <restSimpleBinding multiUsing="semicolonSeparated"
                                        url="{$URL}'{$Context_Id}'"
                                        verb="GET">
                        <httpHeaders>
                           <header name="Authorization">{fn:concat("Bearer " , $Session_Id)}</header>
                        </httpHeaders>
                     </restSimpleBinding>
                  </binding>
                  <output>
                     <field description=""
                            name="Process_Name"
                            property="CaseExch_Process_Name__c"
                            type="string"/>
                  </output>
               </action>
            </actions>
            <objects>
               <processObject xmlns="http://schemas.active-endpoints.com/appmodules/screenflow/2011/06/avosHostEnvironment.xsd"
                              isByCopy="true"
                              name="Case">
                  <description/>
                  <detail>
                     <field name="fieldsToNull" type="string"/>
                     <field name="Id" type="string"/>
                  </detail>
               </processObject>
               <processObject xmlns="http://schemas.active-endpoints.com/appmodules/screenflow/2011/06/avosHostEnvironment.xsd"
                              isByCopy="true"
                              name="CaseNotification">
                  <description/>
                  <detail>
                     <field name="Id" type="string"/>
                     <field name="sObject" type="reference">
                        <options>
                           <option name="referenceTo">Case</option>
                           <option name="relationshipName">Child</option>
                        </options>
                     </field>
                  </detail>
               </processObject>
               <processObject xmlns="http://schemas.active-endpoints.com/appmodules/screenflow/2011/06/avosHostEnvironment.xsd"
                              isByCopy="true"
                              name="NotificationsResponse_AnonymousType">
                  <description/>
                  <detail>
                     <field name="Ack" type="boolean"/>
                  </detail>
               </processObject>
               <processObject xmlns="http://schemas.active-endpoints.com/appmodules/screenflow/2011/06/avosHostEnvironment.xsd"
                              isByCopy="true"
                              name="Notifications_AnonymousType">
                  <description/>
                  <detail>
                     <field name="OrganizationId" type="string"/>
                     <field name="ActionId" type="string"/>
                     <field name="SessionId" type="string"/>
                     <field name="EnterpriseUrl" type="string"/>
                     <field name="PartnerUrl" type="string"/>
                     <field name="Notification" type="objectlist">
                        <options>
                           <option name="referenceTo">CaseNotification</option>
                           <option name="relationshipName">Child</option>
                        </options>
                     </field>
                  </detail>
               </processObject>
            </objects>
         </businessConnector>
      </types1:Entry>
      <types1:GUID>lIacgJkcsktiWtRQTrS5GP</types1:GUID>
      <types1:DisplayName>Salesforce_Case_Connector</types1:DisplayName>
   </types1:Item>
   <types1:CurrentServerDateTime>2019-06-14T06:00:21.605Z</types1:CurrentServerDateTime>
</aetgt:getResponse>
