<aetgt:getResponse xmlns:aetgt="http://schemas.active-endpoints.com/appmodules/repository/2010/10/avrepository.xsd"
                   xmlns:types1="http://schemas.active-endpoints.com/appmodules/repository/2010/10/avrepository.xsd">
   <types1:Item>
      <types1:EntryId>E6WdyH72yIYmWR7-gt-1550438-2019-06-10T05:22:36.489Z::conn.xml</types1:EntryId>
      <types1:Name>Salesforce-Case-Connection</types1:Name>
      <types1:ParentFlowIds>dxmnMQoPVm5Y6tM-gt-19543194-2019-06-12T10:48:16.061Z::pd.xml,sVYx8R8WrY1Sypm-gt-3250483-2019-06-11T19:23:50.296Z::pd.xml,Rm49WPZ8DfYLnzY-gt-13067821-2019-06-11T07:54:07.08Z::pd.xml,xhFdw8jIw8jIw8j-gt-14742256-2019-06-11T18:58:17.37Z::pd.xml,qPiTk08jIw8jIw8-gt-47040-2019-06-06T11:36:21.258Z::pd.xml</types1:ParentFlowIds>
      <types1:MimeType>application/xml+connection</types1:MimeType>
      <types1:Description/>
      <types1:AppliesTo/>
      <types1:Tags/>
      <types1:VersionLabel>1.0</types1:VersionLabel>
      <types1:State>CURRENT</types1:State>
      <types1:ProcessGroup/>
      <types1:CreatedBy>kkarimajji@athenahealth.com.dev</types1:CreatedBy>
      <types1:CreationDate>2019-06-10T05:22:36Z</types1:CreationDate>
      <types1:ModifiedBy>luppalanchi@athenahealth.com.dev</types1:ModifiedBy>
      <types1:ModificationDate>2019-06-11T08:27:59Z</types1:ModificationDate>
      <types1:PublicationStatus>published</types1:PublicationStatus>
      <types1:PublishedBy>luppalanchi@athenahealth.com.dev</types1:PublishedBy>
      <types1:PublicationDate>2019-06-12T09:30:25Z</types1:PublicationDate>
      <types1:PublishedContributionId>project:/rt.connection/Salesforce-Case-Connection/Salesforce-Case-Connection.conn.xml</types1:PublishedContributionId>
      <types1:AutosaveExists>false</types1:AutosaveExists>
      <types1:Entry>
         <connection xmlns="http://schemas.informatica.com/socrates/data-services/2014/04/avosConnections.xsd"
                     displayName="Salesforce-Case-Connection"
                     label="Salesforce-Case-Connection"
                     name="Salesforce-Case-Connection">
            <description/>
            <tags/>
            <agent/>
            <attributes/>
            <businessConnector xmlns="http://schemas.informatica.com/appmodules/screenflow/2014/04/avosConnectors.xsd"
                               agentOnly="false"
                               connectorPath="project:/rt.connector/Salesforce_Case_Connector/Salesforce_Case_Connector_svcDef.xml"
                               guid="lIacgJkcsktiWtRQTrS5GP"
                               name="Salesforce_Case_Connector"
                               supportsConnectionTest="false"
                               uuid="5f5a8239-4170-4fb0-987d-489f51fb6375">
               <description/>
            </businessConnector>
         </connection>
      </types1:Entry>
      <types1:GUID>kR9y172ggEoeqqe9azsHeO</types1:GUID>
      <types1:DisplayName>Salesforce-Case-Connection</types1:DisplayName>
   </types1:Item>
   <types1:CurrentServerDateTime>2019-06-14T06:00:21.898Z</types1:CurrentServerDateTime>
</aetgt:getResponse>
