<aetgt:getResponse xmlns:aetgt="http://schemas.active-endpoints.com/appmodules/repository/2010/10/avrepository.xsd"
                   xmlns:types1="http://schemas.active-endpoints.com/appmodules/repository/2010/10/avrepository.xsd">
   <types1:Item>
      <types1:EntryId>dvrTdtqSLlBWlD2-gt-10866257-2019-06-10T12:29:25.059Z::conn.xml</types1:EntryId>
      <types1:Name>Salesforce-Attachment-Connection</types1:Name>
      <types1:ParentFlowIds>iSypmXbeMVX3cjk-gt-1086044-2019-06-07T07:38:43.131Z::pd.xml,Rm49WPZ8DfYLnzY-gt-13067821-2019-06-11T07:54:07.08Z::pd.xml</types1:ParentFlowIds>
      <types1:MimeType>application/xml+connection</types1:MimeType>
      <types1:Description/>
      <types1:AppliesTo/>
      <types1:Tags/>
      <types1:VersionLabel>1.0</types1:VersionLabel>
      <types1:State>CURRENT</types1:State>
      <types1:ProcessGroup/>
      <types1:CreatedBy>pthoudoju@athenahealth.com.dev</types1:CreatedBy>
      <types1:CreationDate>2019-06-10T12:29:25Z</types1:CreationDate>
      <types1:ModifiedBy>luppalanchi@athenahealth.com.dev</types1:ModifiedBy>
      <types1:ModificationDate>2019-06-11T07:38:59Z</types1:ModificationDate>
      <types1:PublicationStatus>published</types1:PublicationStatus>
      <types1:PublishedBy>kkarimajji@athenahealth.com.dev</types1:PublishedBy>
      <types1:PublicationDate>2019-06-13T12:47:54Z</types1:PublicationDate>
      <types1:PublishedContributionId>project:/rt.connection/Salesforce-Attachment-Connection/Salesforce-Attachment-Connection.conn.xml</types1:PublishedContributionId>
      <types1:AutosaveExists>false</types1:AutosaveExists>
      <types1:Entry>
         <connection xmlns="http://schemas.informatica.com/socrates/data-services/2014/04/avosConnections.xsd"
                     displayName="Salesforce-Attachment-Connection"
                     label="Salesforce-Attachment-Connection"
                     name="Salesforce-Attachment-Connection">
            <description/>
            <tags/>
            <agent/>
            <attributes/>
            <businessConnector xmlns="http://schemas.informatica.com/appmodules/screenflow/2014/04/avosConnectors.xsd"
                               agentOnly="false"
                               connectorPath="project:/rt.connector/Salesforce_Attachment_Connector/Salesforce_Attachment_Connector_svcDef.xml"
                               guid="1uNvTLjaJkveAtjWQ32Ryz"
                               name="Salesforce_Attachment_Connector"
                               supportsConnectionTest="false"
                               uuid="857619a7-54c1-462f-a445-16f28e3a6d34">
               <description/>
            </businessConnector>
         </connection>
      </types1:Entry>
      <types1:GUID>96Pu3YK2JSeimm543tN1gJ</types1:GUID>
      <types1:DisplayName>Salesforce-Attachment-Connection</types1:DisplayName>
   </types1:Item>
   <types1:CurrentServerDateTime>2019-06-14T06:00:21.961Z</types1:CurrentServerDateTime>
</aetgt:getResponse>
