<aetgt:getResponse xmlns:aetgt="http://schemas.active-endpoints.com/appmodules/repository/2010/10/avrepository.xsd"
                   xmlns:types1="http://schemas.active-endpoints.com/appmodules/repository/2010/10/avrepository.xsd">
   <types1:Item>
      <types1:EntryId>xXlQNOQoVVVVVVV-gt-1598512-2019-06-10T10:59:49.371Z::conn.xml</types1:EntryId>
      <types1:Name>Salesforce-Comment-Connection</types1:Name>
      <types1:ParentFlowIds>OBCQrXhNUdyOoMd-gt-4384090-2019-06-12T00:10:50.659Z::pd.xml,FHEJRxZsEi4tciS-gt-4424224-2019-06-12T10:22:16.515Z::pd.xml</types1:ParentFlowIds>
      <types1:MimeType>application/xml+connection</types1:MimeType>
      <types1:Description/>
      <types1:AppliesTo/>
      <types1:Tags/>
      <types1:VersionLabel>1.0</types1:VersionLabel>
      <types1:State>CURRENT</types1:State>
      <types1:ProcessGroup/>
      <types1:CreatedBy>kkarimajji@athenahealth.com.dev</types1:CreatedBy>
      <types1:CreationDate>2019-06-10T10:59:49Z</types1:CreationDate>
      <types1:ModifiedBy/>
      <types1:PublicationStatus>published</types1:PublicationStatus>
      <types1:PublishedBy>rkalaga@athenahealth.com.dev</types1:PublishedBy>
      <types1:PublicationDate>2019-06-12T17:17:49Z</types1:PublicationDate>
      <types1:PublishedContributionId>project:/rt.connection/Salesforce-Comment-Connection/Salesforce-Comment-Connection.conn.xml</types1:PublishedContributionId>
      <types1:AutosaveExists>false</types1:AutosaveExists>
      <types1:Entry>
         <connection xmlns="http://schemas.informatica.com/socrates/data-services/2014/04/avosConnections.xsd"
                     displayName="Salesforce-Comment-Connection"
                     label="Salesforce-Comment-Connection"
                     name="Salesforce-Comment-Connection">
            <description/>
            <tags/>
            <agent/>
            <attributes/>
            <businessConnector xmlns="http://schemas.informatica.com/appmodules/screenflow/2014/04/avosConnectors.xsd"
                               agentOnly="false"
                               connectorPath="project:/rt.connector/Salesforce_Comment_Connector/Salesforce_Comment_Connector_svcDef.xml"
                               guid="3nPdDEK86SzepfyfFekZw7"
                               name="Salesforce_Comment_Connector"
                               supportsConnectionTest="false"
                               uuid="68404128-771f-41a1-b81f-b14d0cc3d649">
               <description/>
            </businessConnector>
         </connection>
      </types1:Entry>
      <types1:GUID>9Z0XJhGu1svcbGImgKLeE0</types1:GUID>
      <types1:DisplayName>Salesforce-Comment-Connection</types1:DisplayName>
   </types1:Item>
   <types1:CurrentServerDateTime>2019-06-14T06:00:21.93Z</types1:CurrentServerDateTime>
</aetgt:getResponse>
