<aetgt:getResponse xmlns:aetgt="http://schemas.active-endpoints.com/appmodules/repository/2010/10/avrepository.xsd"
                   xmlns:types1="http://schemas.active-endpoints.com/appmodules/repository/2010/10/avrepository.xsd">
   <types1:Item>
      <types1:EntryId>GXbeKLUaaaaabbg-gt-2313121-2019-06-10T12:28:35.527Z::svc.xml</types1:EntryId>
      <types1:Name>Salesforce_Attachment_Connector</types1:Name>
      <types1:ParentFlowIds>dvrTdtqSLlBWlD2-gt-10866257-2019-06-10T12:29:25.059Z::conn.xml</types1:ParentFlowIds>
      <types1:MimeType>application/xml+businesssconnector</types1:MimeType>
      <types1:Description/>
      <types1:AppliesTo/>
      <types1:Tags/>
      <types1:VersionLabel>1.0</types1:VersionLabel>
      <types1:State>CURRENT</types1:State>
      <types1:ProcessGroup/>
      <types1:CreatedBy>pthoudoju@athenahealth.com.dev</types1:CreatedBy>
      <types1:CreationDate>2019-06-10T12:28:36Z</types1:CreationDate>
      <types1:ModifiedBy>kkarimajji@athenahealth.com.dev</types1:ModifiedBy>
      <types1:ModificationDate>2019-06-13T05:43:45Z</types1:ModificationDate>
      <types1:PublicationStatus>published</types1:PublicationStatus>
      <types1:PublishedBy>rkalaga@athenahealth.com.dev</types1:PublishedBy>
      <types1:PublicationDate>2019-06-13T19:04:33Z</types1:PublicationDate>
      <types1:PublishedContributionId>project:/rt.connector/Salesforce_Attachment_Connector/Salesforce_Attachment_Connector_svcDef.xml</types1:PublishedContributionId>
      <types1:AutosaveExists>false</types1:AutosaveExists>
      <types1:Entry>
         <businessConnector xmlns="http://schemas.informatica.com/socrates/data-services/2014/05/business-connector-model.xsd"
                            agentOnly="false"
                            debug="false"
                            displayName="Salesforce_Attachment_Connector"
                            label=""
                            name="Salesforce_Attachment_Connector"
                            uuid="857619a7-54c1-462f-a445-16f28e3a6d34">
            <description/>
            <tags/>
            <connectionAttributes xmlns="http://schemas.informatica.com/appmodules/screenflow/2014/04/avosConnectors.xsd"/>
            <actions>
               <action category=""
                       failOnError="true"
                       forSearch="false"
                       isAbstract="true"
                       label="BaseAction"
                       maxRedirects="100"
                       name="BaseAction"
                       preemptiveAuth="true"
                       responseEncoding="">
                  <description/>
                  <input/>
                  <binding>
                     <restSimpleBinding multiUsing="semicolonSeparated"
                                        url="https://use4-cai.dm-us.informaticacloud.com/active-bpel/public/soap/fbGDQTXUGqGjBNr9dqJfqY/Incident_Attachment_Create_Process"
                                        verb="POST">
                        <httpHeaders>
                           <header name="Content-Type">text/xml; charset=utf-8</header>
                        </httpHeaders>
                        <body/>
                     </restSimpleBinding>
                  </binding>
                  <output/>
               </action>
               <action category=""
                       failOnError="true"
                       forSearch="false"
                       inherits="BaseAction"
                       label="notifications"
                       maxRedirects="100"
                       name="notifications"
                       preemptiveAuth="true"
                       responseEncoding="">
                  <description/>
                  <inheritanceMetadata>
                     <section type="output">
                        <section type="outputFields"/>
                     </section>
                     <section type="restSimpleBinding">
                        <section type="body">
                           <attribute inherit="overwrite" name="content" type="content"/>
                        </section>
                        <section type="httpHeaders">
                           <attribute inherit="inherit" name="Content-Type" type="header"/>
                        </section>
                        <section type="otherParams"/>
                     </section>
                  </inheritanceMetadata>
                  <input>
                     <parameter name="notifications"
                                required="false"
                                testWith=""
                                type="reference">
                        <options>
                           <option name="referenceTo">Notifications_AnonymousType</option>
                        </options>
                     </parameter>
                  </input>
                  <binding>
                     <restSimpleBinding url="https://use4-cai.dm-us.informaticacloud.com/active-bpel/public/soap/fbGDQTXUGqGjBNr9dqJfqY/Incident_Attachment_Create_Process"
                                        verb="POST">
                        <httpHeaders>
                           <header name="SOAPAction">""</header>
                        </httpHeaders>
                        <body>&lt;soap:Envelope xmlns:soap="http://schemas.xmlsoap.org/soap/envelope/"&gt;
   &lt;soap:Header/&gt;
   &lt;soap:Body&gt;
      &lt;ns:notifications xmlns:ns="http://soap.sforce.com/2005/09/outbound"&gt;
            &lt;ns:OrganizationId&gt;{$notifications/OrganizationId/text()}&lt;/ns:OrganizationId&gt;
            &lt;ns:ActionId&gt;{$notifications/ActionId/text()}&lt;/ns:ActionId&gt;
            &lt;ns:SessionId&gt;{$notifications/SessionId/text()}&lt;/ns:SessionId&gt;
            &lt;ns:EnterpriseUrl&gt;{$notifications/EnterpriseUrl/text()}&lt;/ns:EnterpriseUrl&gt;
            &lt;ns:PartnerUrl&gt;{$notifications/PartnerUrl/text()}&lt;/ns:PartnerUrl&gt;
            {
                for $Notification in $notifications/Notification
                return
                &lt;ns:Notification&gt;
                    &lt;ns:Id&gt;{$Notification/Id/text()}&lt;/ns:Id&gt;
                    &lt;ns:sObject&gt;
                        {
                            for $fieldsToNull in $Notification/sObject/fieldsToNull
                            return
                            &lt;ns1:fieldsToNull xmlns:ns1="urn:sobject.enterprise.soap.sforce.com"&gt;{$fieldsToNull/text()}&lt;/ns1:fieldsToNull&gt;
                        }
                        &lt;ns1:Id xmlns:ns1="urn:sobject.enterprise.soap.sforce.com"&gt;{$notifications/Notification/sObject/Id/text()}&lt;/ns1:Id&gt;
                        &lt;ns1:CaseId__c xmlns:ns1="urn:sobject.enterprise.soap.sforce.com"&gt;{$notifications/Notification/sObject/CaseId__c/text()}&lt;/ns1:CaseId__c&gt;
                        &lt;ns1:Content_Document_Id__c xmlns:ns1="urn:sobject.enterprise.soap.sforce.com"&gt;{$notifications/Notification/sObject/Content_Document_Id__c/text()}&lt;/ns1:Content_Document_Id__c&gt;
                    &lt;/ns:sObject&gt;
                &lt;/ns:Notification&gt;
            }
        &lt;/ns:notifications&gt;
   &lt;/soap:Body&gt;
&lt;/soap:Envelope&gt;</body>
                     </restSimpleBinding>
                  </binding>
                  <output>
                     <field description="" name="notificationsResponse" type="reference">
                        <options>
                           <option name="referenceTo">NotificationsResponse_AnonymousType</option>
                        </options>
                        <xquery>{util:simplifyXml(//*[local-name()='notificationsResponse'])}</xquery>
                     </field>
                  </output>
               </action>
               <action category=""
                       failOnError="true"
                       forSearch="false"
                       label="Get_ContentDocument_Details"
                       maxRedirects="100"
                       name="Get_ContentDocument_Details"
                       preemptiveAuth="true"
                       responseEncoding="">
                  <description/>
                  <input>
                     <parameter name="URL"
                                nogen="true"
                                required="false"
                                testWith="https://athenahealth--caseexch.cs1.my.salesforce.com//services/data/v45.0/query?q=SELECT+FileType,+(select+id,FileExtension,Title+from+contentversions),(select+LinkedEntityId+from+contentDocumentLinks+where+sharetype='V'+and+LinkedEntityId="
                                type="string"/>
                     <parameter name="SessionId"
                                nogen="true"
                                required="false"
                                testWith="00DS0000003ElIT!AQQAQJgR6h9eufFvlWCsrkmXNeP1PqMBjBO8zAbcruz9iAikdC70L_dPi44tH4cSyBc1shlJ7uK_1iVxcpq_Tl65qco02Wud"
                                type="string"/>
                     <parameter name="Id"
                                nogen="true"
                                required="false"
                                testWith="068S0000000aGEiIAM"
                                type="string"/>
                     <parameter name="Suburl"
                                nogen="true"
                                required="false"
                                testWith=")+from+contentDocument+where+id="
                                type="string"/>
                     <parameter name="CaseId"
                                nogen="true"
                                required="false"
                                testWith="500S000000ASfTlIAL"
                                type="string"/>
                  </input>
                  <binding>
                     <restSimpleBinding multiUsing="semicolonSeparated"
                                        url="{$URL}'{$CaseId}'{$Suburl}'{$Id}'"
                                        verb="GET">
                        <httpHeaders>
                           <header name="Authorization">{fn:concat("Bearer " , $SessionId)}</header>
                        </httpHeaders>
                     </restSimpleBinding>
                  </binding>
                  <output>
                     <field description=""
                            name="ContentVersionId"
                            property="Id"
                            type="string"/>
                     <field description=""
                            name="LinkedEntityId"
                            property="LinkedEntityId"
                            type="string"/>
                     <field description=""
                            name="FileExtension"
                            property="FileExtension"
                            type="string"/>
                     <field description="" name="Title" property="Title" type="string"/>
                  </output>
               </action>
               <action category=""
                       failOnError="true"
                       forSearch="false"
                       label="Get_VersionData"
                       maxRedirects="100"
                       name="Get_VersionData"
                       preemptiveAuth="true"
                       responseEncoding="">
                  <description/>
                  <input>
                     <parameter name="URL"
                                nogen="true"
                                required="false"
                                testWith="https://athenahealth--caseexch.cs1.my.salesforce.com/services/data/v45.0/sobjects/ContentVersion/"
                                type="string"/>
                     <parameter name="SessionId"
                                nogen="true"
                                required="false"
                                testWith="00DS0000003ElIT!AQQAQJgR6h9eufFvlWCsrkmXNeP1PqMBjBO8zAbcruz9iAikdC70L_dPi44tH4cSyBc1shlJ7uK_1iVxcpq_Tl65qco02Wud"
                                type="string"/>
                     <parameter name="Id"
                                nogen="true"
                                required="false"
                                testWith="068S0000000aDoGIAU"
                                type="string"/>
                  </input>
                  <binding>
                     <restSimpleBinding multiUsing="semicolonSeparated" url="{$URL}{$Id}" verb="GET">
                        <httpHeaders>
                           <header name="Authorization">{fn:concat("Bearer " , $SessionId)}</header>
                        </httpHeaders>
                     </restSimpleBinding>
                  </binding>
                  <output>
                     <field description=""
                            name="VersionData"
                            property="VersionData"
                            type="string"/>
                     <field description="" name="Id" property="Id" type="string"/>
                  </output>
               </action>
               <action category=""
                       failOnError="true"
                       forSearch="false"
                       label="Get_File"
                       maxRedirects="100"
                       name="Get_File"
                       preemptiveAuth="true"
                       responseEncoding="">
                  <description/>
                  <input>
                     <parameter name="URL"
                                nogen="true"
                                required="false"
                                testWith="https://athenahealth--caseexch.cs1.my.salesforce.com"
                                type="string"/>
                     <parameter name="VersionData"
                                nogen="true"
                                required="false"
                                testWith="/services/data/v45.0/sobjects/ContentVersion/068S0000000aDoGIAU/VersionData"
                                type="string"/>
                     <parameter name="SessionId"
                                nogen="true"
                                required="false"
                                testWith="00DS0000003ElIT!AQQAQJgR6h9eufFvlWCsrkmXNeP1PqMBjBO8zAbcruz9iAikdC70L_dPi44tH4cSyBc1shlJ7uK_1iVxcpq_Tl65qco02Wud"
                                type="string"/>
                  </input>
                  <binding>
                     <restSimpleBinding multiUsing="semicolonSeparated"
                                        url="{$URL}{$VersionData}"
                                        verb="GET">
                        <httpHeaders>
                           <header name="Authorization">{fn:concat("Bearer " , $SessionId)}</header>
                        </httpHeaders>
                     </restSimpleBinding>
                  </binding>
                  <output>
                     <field attachment="true"
                            description=""
                            name="Response"
                            type="attachment"/>
                  </output>
               </action>
               <action category=""
                       failOnError="true"
                       forSearch="false"
                       label="Delete_Record_From_Queue"
                       maxRedirects="100"
                       name="Delete_Record_From_Queue"
                       preemptiveAuth="true"
                       responseEncoding="">
                  <description/>
                  <input>
                     <parameter name="URL"
                                nogen="true"
                                required="false"
                                testWith="https://athenahealth--caseexch.cs1.my.salesforce.com/services/data/v45.0/sobjects/CaseExch_Queue__c/"
                                type="string"/>
                     <parameter name="QueueId"
                                nogen="true"
                                required="false"
                                testWith="a1dS0000001YC0QIAW"
                                type="string"/>
                     <parameter name="SessionId"
                                nogen="true"
                                required="false"
                                testWith="00DS0000003ElIT!AQQAQOGOuGFwdFnM1BgG6D1fYjInuwkJrveJ2WMQWmfb3bTYWAJ9Igk21qHdju6twUWfZymvpSnxxNngXsx4xbrj1FRs4gJz"
                                type="string"/>
                  </input>
                  <binding>
                     <restSimpleBinding multiUsing="semicolonSeparated"
                                        url="{$URL}{$QueueId}"
                                        verb="DELETE">
                        <httpHeaders>
                           <header name="Authorization">{fn:concat("Bearer " , $SessionId)}</header>
                        </httpHeaders>
                     </restSimpleBinding>
                  </binding>
                  <output>
                     <field description=""
                            name="CaseId__c"
                            property="CaseId__c"
                            type="string"/>
                  </output>
               </action>
               <action category=""
                       failOnError="true"
                       forSearch="false"
                       label="Count_Of_Records_From_Queue"
                       maxRedirects="100"
                       name="Count_Of_Records_From_Queue"
                       preemptiveAuth="true"
                       responseEncoding="">
                  <description/>
                  <input>
                     <parameter name="URL"
                                nogen="true"
                                required="false"
                                testWith="https://athenahealth--caseexch.cs1.my.salesforce.com//services/data/v45.0/query?q=select+count(Id)+No_of_Records+from+CaseExch_Queue__c+where+CaseExch_CaseId__c="
                                type="string"/>
                     <parameter name="SessionId"
                                nogen="true"
                                required="false"
                                testWith="00DS0000003ElIT!AQQAQEPgpT8oGIvI5rX8h8R5e.irbwHEt2u7fJT1Jh2cx6HSOHLe80m8sCm5yQX9DSaoBnoBn1Jvn3L0Xuso6fcybHvDQalT"
                                type="string"/>
                     <parameter name="CaseId"
                                required="false"
                                testWith="069S0000000ayVpIAI"
                                type="string"/>
                  </input>
                  <binding>
                     <restSimpleBinding multiUsing="semicolonSeparated" url="{$URL}'{$CaseId}'" verb="GET">
                        <httpHeaders>
                           <header name="Authorization">{fn:concat("Bearer " , $SessionId)}</header>
                        </httpHeaders>
                     </restSimpleBinding>
                  </binding>
                  <output>
                     <field description=""
                            name="No_of_Records"
                            property="No_of_Records"
                            type="string"/>
                  </output>
               </action>
               <action category=""
                       failOnError="true"
                       forSearch="false"
                       label="Get_Process_Name"
                       maxRedirects="100"
                       name="Get_Process_Name"
                       preemptiveAuth="true"
                       responseEncoding="">
                  <description/>
                  <input>
                     <parameter name="URL"
                                nogen="true"
                                required="false"
                                testWith="https://athenahealth--caseexch.cs1.my.salesforce.com/services/data/v45.0/query?q=select+CaseExch_Process_Name__c+from+CaseExch_ProcessNames__c+where+CaseExch_Context_id__c="
                                type="string"/>
                     <parameter name="SessionId"
                                nogen="true"
                                required="false"
                                testWith="00DS0000003ElIT!AQQAQEPgpT8oGIvI5rX8h8R5e.irbwHEt2u7fJT1Jh2cx6HSOHLe80m8sCm5yQX9DSaoBnoBn1Jvn3L0Xuso6fcybHvDQalT"
                                type="string"/>
                     <parameter name="Context_Id"
                                nogen="true"
                                required="false"
                                testWith="123"
                                type="string"/>
                  </input>
                  <binding>
                     <restSimpleBinding multiUsing="semicolonSeparated"
                                        url="{$URL}'{$Context_Id}'"
                                        verb="GET">
                        <httpHeaders>
                           <header name="Authorization">{fn:concat("Bearer " , $SessionId)}</header>
                        </httpHeaders>
                     </restSimpleBinding>
                  </binding>
                  <output>
                     <field description=""
                            name="Process_Name"
                            property="CaseExch_Process_Name__c"
                            type="string"/>
                  </output>
               </action>
            </actions>
            <objects>
               <processObject xmlns="http://schemas.active-endpoints.com/appmodules/screenflow/2011/06/avosHostEnvironment.xsd"
                              isByCopy="true"
                              name="NotificationsResponse_AnonymousType">
                  <description/>
                  <detail>
                     <field name="Ack" type="boolean"/>
                  </detail>
               </processObject>
               <processObject xmlns="http://schemas.active-endpoints.com/appmodules/screenflow/2011/06/avosHostEnvironment.xsd"
                              isByCopy="true"
                              name="Notifications_AnonymousType">
                  <description/>
                  <detail>
                     <field name="OrganizationId" type="string"/>
                     <field name="ActionId" type="string"/>
                     <field name="SessionId" type="string"/>
                     <field name="EnterpriseUrl" type="string"/>
                     <field name="PartnerUrl" type="string"/>
                     <field name="Notification" type="objectlist">
                        <options>
                           <option name="referenceTo">CaseExch_Queue__cNotification</option>
                           <option name="relationshipName">Child</option>
                        </options>
                     </field>
                  </detail>
               </processObject>
               <processObject xmlns="http://schemas.active-endpoints.com/appmodules/screenflow/2011/06/avosHostEnvironment.xsd"
                              isByCopy="true"
                              name="CaseExch_Queue__c">
                  <description/>
                  <detail>
                     <field name="fieldsToNull" type="string"/>
                     <field name="Id" type="string"/>
                     <field name="CaseExch_CaseId__c" type="string"/>
                     <field name="CaseExch_Content_Document_Id__c" type="string"/>
                  </detail>
               </processObject>
               <processObject xmlns="http://schemas.active-endpoints.com/appmodules/screenflow/2011/06/avosHostEnvironment.xsd"
                              isByCopy="true"
                              name="CaseExch_Queue__cNotification">
                  <description/>
                  <detail>
                     <field name="Id" type="string"/>
                     <field name="sObject" type="reference">
                        <options>
                           <option name="referenceTo">CaseExch_Queue__c</option>
                           <option name="relationshipName">Child</option>
                        </options>
                     </field>
                  </detail>
               </processObject>
            </objects>
         </businessConnector>
      </types1:Entry>
      <types1:GUID>1uNvTLjaJkveAtjWQ32Ryz</types1:GUID>
      <types1:DisplayName>Salesforce_Attachment_Connector</types1:DisplayName>
   </types1:Item>
   <types1:CurrentServerDateTime>2019-06-14T06:00:21.631Z</types1:CurrentServerDateTime>
</aetgt:getResponse>
