<aetgt:getResponse xmlns:aetgt="http://schemas.active-endpoints.com/appmodules/repository/2010/10/avrepository.xsd"
                   xmlns:types1="http://schemas.active-endpoints.com/appmodules/repository/2010/10/avrepository.xsd">
   <types1:Item>
      <types1:EntryId>Sp7aa-gt-365047-2019-06-06T10:28:46.72Z::conn.xml</types1:EntryId>
      <types1:Name>ServicenowConnection</types1:Name>
      <types1:ParentFlowIds>dxmnMQoPVm5Y6tM-gt-19543194-2019-06-12T10:48:16.061Z::pd.xml,sVYx8R8WrY1Sypm-gt-3250483-2019-06-11T19:23:50.296Z::pd.xml,4LoWSjrabcmWR7h-gt-42980-2019-06-06T12:27:31.892Z::pd.xml,iSypmXbeMVX3cjk-gt-1086044-2019-06-07T07:38:43.131Z::pd.xml,qPiTk08jIw8jIw8-gt-47040-2019-06-06T11:36:21.258Z::pd.xml</types1:ParentFlowIds>
      <types1:MimeType>application/xml+connection</types1:MimeType>
      <types1:Description/>
      <types1:AppliesTo/>
      <types1:Tags/>
      <types1:VersionLabel>1.0</types1:VersionLabel>
      <types1:State>CURRENT</types1:State>
      <types1:ProcessGroup/>
      <types1:CreatedBy>kkarimajji@athenahealth.com.dev</types1:CreatedBy>
      <types1:CreationDate>2019-06-06T10:28:47Z</types1:CreationDate>
      <types1:ModifiedBy/>
      <types1:PublicationStatus>published</types1:PublicationStatus>
      <types1:PublishedBy>kkarimajji@athenahealth.com.dev</types1:PublishedBy>
      <types1:PublicationDate>2019-06-13T12:49:49Z</types1:PublicationDate>
      <types1:PublishedContributionId>project:/rt.connection/ServicenowConnection/ServicenowConnection.conn.xml</types1:PublishedContributionId>
      <types1:AutosaveExists>false</types1:AutosaveExists>
      <types1:Entry>
         <connection xmlns="http://schemas.informatica.com/socrates/data-services/2014/04/avosConnections.xsd"
                     displayName="ServicenowConnection"
                     label="ServicenowConnection"
                     name="ServicenowConnection">
            <description/>
            <tags/>
            <agent/>
            <attributes/>
            <businessConnector xmlns="http://schemas.informatica.com/appmodules/screenflow/2014/04/avosConnectors.xsd"
                               agentOnly="false"
                               connectorPath="project:/rt.connector/ServiceNow_Connector_2/ServiceNow_Connector_2_svcDef.xml"
                               guid="lvmV5DQowgwckA9dRnho0O"
                               name="ServiceNow_Connector-2"
                               supportsConnectionTest="false"
                               uuid="1c947863-0e83-4e06-878e-9b86faac0cbc">
               <description>This connector is used for for getting incident details, creating incident, updating incident, comments, attachments.</description>
            </businessConnector>
         </connection>
      </types1:Entry>
      <types1:GUID>hp0FjM8WFgyhaFNZHwGbuH</types1:GUID>
      <types1:DisplayName>ServicenowConnection</types1:DisplayName>
   </types1:Item>
   <types1:CurrentServerDateTime>2019-06-14T06:00:21.855Z</types1:CurrentServerDateTime>
</aetgt:getResponse>
