<aetgt:getResponse xmlns:aetgt="http://schemas.active-endpoints.com/appmodules/repository/2010/10/avrepository.xsd"
                   xmlns:types1="http://schemas.active-endpoints.com/appmodules/repository/2010/10/avrepository.xsd">
   <types1:Item>
      <types1:EntryId>9sRGJZx1Xmgaabc-gt-347138-2019-06-06T10:13:07.998Z::svc.xml</types1:EntryId>
      <types1:Name>ServiceNow_Connector-2</types1:Name>
      <types1:ParentFlowIds>Sp7aa-gt-365047-2019-06-06T10:28:46.72Z::conn.xml</types1:ParentFlowIds>
      <types1:MimeType>application/xml+businesssconnector</types1:MimeType>
      <types1:Description>This connector is used for getting incident details, creating incident, updating incident, comments, attachments.</types1:Description>
      <types1:AppliesTo/>
      <types1:Tags/>
      <types1:VersionLabel>1.0</types1:VersionLabel>
      <types1:State>CURRENT</types1:State>
      <types1:ProcessGroup/>
      <types1:CreatedBy>kkarimajji@athenahealth.com.dev</types1:CreatedBy>
      <types1:CreationDate>2019-06-06T10:13:08Z</types1:CreationDate>
      <types1:ModifiedBy>kkarimajji@athenahealth.com.dev</types1:ModifiedBy>
      <types1:ModificationDate>2019-06-13T12:47:22Z</types1:ModificationDate>
      <types1:PublicationStatus>published</types1:PublicationStatus>
      <types1:PublishedBy>kkarimajji@athenahealth.com.dev</types1:PublishedBy>
      <types1:PublicationDate>2019-06-13T12:47:34Z</types1:PublicationDate>
      <types1:PublishedContributionId>project:/rt.connector/ServiceNow_Connector_2/ServiceNow_Connector_2_svcDef.xml</types1:PublishedContributionId>
      <types1:AutosaveExists>false</types1:AutosaveExists>
      <types1:Entry>
         <businessConnector xmlns="http://schemas.informatica.com/socrates/data-services/2014/05/business-connector-model.xsd"
                            agentOnly="false"
                            debug="false"
                            displayName="ServiceNow_Connector"
                            label=""
                            name="ServiceNow_Connector-2"
                            uuid="1c947863-0e83-4e06-878e-9b86faac0cbc">
            <description>This connector is used for getting incident details, creating incident, updating incident, comments, attachments.</description>
            <tags/>
            <connectionAttributes xmlns="http://schemas.informatica.com/appmodules/screenflow/2014/04/avosConnectors.xsd"/>
            <actions>
               <action category=""
                       failOnError="true"
                       forSearch="false"
                       label="Create_Incident"
                       maxRedirects="100"
                       name="Create_Incident"
                       preemptiveAuth="true"
                       responseEncoding="">
                  <description/>
                  <input>
                     <parameter name="url"
                                required="false"
                                testWith="https://chsdev.service-now.com/api/now/table/incident"
                                type="string"/>
                     <parameter name="state" required="false" testWith="" type="string"/>
                     <parameter name="impact" required="false" testWith="" type="string"/>
                     <parameter name="urgency" required="false" testWith="" type="string"/>
                     <parameter name="short_description"
                                required="false"
                                testWith=""
                                type="string"/>
                     <parameter name="caller_id"
                                required="false"
                                testWith="7cda7c7813f2de80961b5482e144b04a"
                                type="string"/>
                     <parameter name="cmdb_ci"
                                required="false"
                                testWith="079f3c9213b51600961b5482e144b045"
                                type="string"/>
                     <parameter name="comments"
                                required="false"
                                testWith="comments"
                                type="string"/>
                     <parameter name="description" required="false" testWith="" type="string"/>
                     <parameter name="u_cc_close_code"
                                required="false"
                                testWith=""
                                type="string"/>
                     <parameter name="u_close_notes" required="false" testWith="" type="string"/>
                     <parameter name="u_bonded_ticket_number"
                                required="false"
                                testWith=""
                                type="string"/>
                     <parameter name="u_last_bond_update"
                                required="false"
                                testWith=""
                                type="string"/>
                     <parameter name="u_bonded_status"
                                required="false"
                                testWith=""
                                type="string"/>
                     <parameter name="u_bonded_substatus"
                                required="false"
                                testWith=""
                                type="string"/>
                     <parameter name="u_bond_owner" required="false" testWith="" type="string"/>
                     <parameter name="u_bond_owner_phone"
                                required="false"
                                testWith=""
                                type="string"/>
                     <parameter name="u_bond_email" required="false" testWith="" type="string"/>
                     <parameter name="u_bonded" required="false" testWith="" type="string"/>
                     <parameter name="u_bond_type" required="false" testWith="" type="string"/>
                     <parameter name="u_bonded_priority"
                                required="false"
                                testWith=""
                                type="string"/>
                  </input>
                  <binding>
                     <restSimpleBinding multiUsing="semicolonSeparated" url="{$url}" verb="POST">
                        <authentication>
                           <username>athena_interface-svc</username>
                           <password>S3rv!cEN0w</password>
                           <isExpressionInPassword>true</isExpressionInPassword>
                        </authentication>
                        <body generateUsing="JSON" preserveJsonStringFormatting="true"/>
                     </restSimpleBinding>
                  </binding>
                  <output>
                     <field description=""
                            name="Incident_number"
                            property="number"
                            type="string"/>
                     <field description=""
                            name="Incident_sys_id"
                            property="sys_id"
                            type="string"/>
                  </output>
               </action>
               <action category=""
                       failOnError="true"
                       forSearch="false"
                       label="Get_Incident_Details"
                       maxRedirects="100"
                       name="Get_Incident_Details"
                       preemptiveAuth="true"
                       responseEncoding="">
                  <description/>
                  <input>
                     <parameter name="url"
                                nogen="true"
                                required="false"
                                testWith="https://chsdev.service-now.com/api/now/table/incident"
                                type="string"/>
                     <parameter name="number"
                                nogen="true"
                                required="false"
                                testWith="INC2688401"
                                type="string"/>
                  </input>
                  <binding>
                     <restSimpleBinding multiUsing="semicolonSeparated"
                                        url="{$url}?number={$number}"
                                        verb="GET">
                        <authentication>
                           <username>athena_interface-svc</username>
                           <password>S3rv!cEN0w</password>
                           <isExpressionInPassword>true</isExpressionInPassword>
                        </authentication>
                     </restSimpleBinding>
                  </binding>
                  <output>
                     <field description="" name="number" property="number" type="string"/>
                     <field description=""
                            name="caller_id"
                            property="caller_id"
                            type="string"/>
                     <field description="" name="cmdb_ci" property="cmdb_ci" type="string"/>
                     <field description="" name="sys_id" property="sys_id" type="string"/>
                  </output>
               </action>
               <action category=""
                       failOnError="true"
                       forSearch="false"
                       label="Update_Incident_Details_In_Servicenow"
                       maxRedirects="100"
                       name="Update_Incident_Details_In_Servicenow"
                       preemptiveAuth="true"
                       responseEncoding="">
                  <description/>
                  <input>
                     <parameter name="url"
                                nogen="true"
                                required="false"
                                testWith="https://chsdev.service-now.com/api/now/table/incident"
                                type="string"/>
                     <parameter name="urgency" required="false" testWith="3" type="string"/>
                     <parameter name="sys_id"
                                nogen="true"
                                required="false"
                                testWith="9f9d47ce1b757f005c14620f6e4bcbe3"
                                type="string"/>
                     <parameter name="impact" required="false" testWith="2" type="string"/>
                     <parameter name="state" required="false" testWith="4" type="string"/>
                     <parameter name="short_description"
                                required="false"
                                testWith=""
                                type="string"/>
                     <parameter name="description" required="false" testWith="" type="string"/>
                     <parameter name="cmdb_ci" required="false" testWith="" type="string"/>
                     <parameter name="u_last_bond_update"
                                required="false"
                                testWith=""
                                type="string"/>
                     <parameter name="u_bonded_status"
                                required="false"
                                testWith=""
                                type="string"/>
                     <parameter name="u_bonded_substatus"
                                required="false"
                                testWith=""
                                type="string"/>
                     <parameter name="u_bond_owner" required="false" testWith="" type="string"/>
                     <parameter name="u_bond_owner_phone"
                                required="false"
                                testWith=""
                                type="string"/>
                     <parameter name="u_bond_email" required="false" testWith="" type="string"/>
                     <parameter name="close_notes" required="false" testWith="" type="string"/>
                     <parameter name="close_code" required="false" testWith="" type="string"/>
                     <parameter name="u_bonded" required="false" testWith="" type="string"/>
                     <parameter name="u_bond_type" required="false" testWith="" type="string"/>
                     <parameter name="u_bonded_priority"
                                required="false"
                                testWith=""
                                type="string"/>
                  </input>
                  <binding>
                     <restSimpleBinding multiUsing="semicolonSeparated" url="{$url}/{$sys_id}" verb="PUT">
                        <authentication>
                           <username>athena_interface-svc</username>
                           <password>S3rv!cEN0w</password>
                           <isExpressionInPassword>true</isExpressionInPassword>
                        </authentication>
                        <body generateUsing="JSON" preserveJsonStringFormatting="true"/>
                     </restSimpleBinding>
                  </binding>
                  <output>
                     <field description="" name="number" property="number" type="string"/>
                     <field description="" name="sys_id" property="sys_id" type="string"/>
                     <field description="" name="state" property="state" type="string"/>
                     <field description=""
                            name="u_last_bond_update"
                            property="u_last_bond_update"
                            type="string"/>
                  </output>
               </action>
               <action category=""
                       failOnError="true"
                       forSearch="false"
                       label="Add_Comments"
                       maxRedirects="100"
                       name="Add_Comments"
                       preemptiveAuth="true"
                       responseEncoding="">
                  <description/>
                  <input>
                     <parameter name="url"
                                nogen="true"
                                required="false"
                                testWith="https://chsdev.service-now.com/api/now/table/incident"
                                type="string"/>
                     <parameter name="sys_id"
                                nogen="true"
                                required="false"
                                testWith="f4d8e2b8dbb1f7c479fc4cd2399619ec"
                                type="string"/>
                     <parameter name="comments"
                                required="false"
                                testWith="Kavi Adding a comment"
                                type="string"/>
                  </input>
                  <binding>
                     <restSimpleBinding multiUsing="semicolonSeparated" url="{$url}/{$sys_id}" verb="PATCH">
                        <authentication>
                           <username>athena_interface-svc</username>
                           <password>S3rv!cEN0w</password>
                           <isExpressionInPassword>true</isExpressionInPassword>
                        </authentication>
                        <body generateUsing="JSON" preserveJsonStringFormatting="true"/>
                     </restSimpleBinding>
                  </binding>
                  <output>
                     <field description="" name="number" property="number" type="string"/>
                     <field description="" name="sys_id" property="sys_id" type="string"/>
                  </output>
               </action>
               <action category=""
                       failOnError="true"
                       forSearch="false"
                       label="Add_Attachment"
                       maxRedirects="100"
                       name="Add_Attachment"
                       preemptiveAuth="true"
                       responseEncoding="">
                  <description/>
                  <input>
                     <parameter name="URL"
                                nogen="true"
                                required="false"
                                testWith="https://chsdev.service-now.com/api/now/attachment/file?table_name=incident"
                                type="string"/>
                     <parameter name="Ampesand"
                                nogen="true"
                                required="false"
                                testWith="&amp;"
                                type="string"/>
                     <parameter name="Incident_Sys_ID"
                                required="false"
                                testWith="f4d8e2b8dbb1f7c479fc4cd2399619ec"
                                type="string"/>
                     <parameter name="Attachment"
                                nogen="true"
                                required="false"
                                testWith=""
                                type="attachment"/>
                     <parameter name="file_name"
                                nogen="true"
                                required="false"
                                testWith="Helloworld.PNG"
                                type="string"/>
                  </input>
                  <binding>
                     <restSimpleBinding multiUsing="semicolonSeparated"
                                        url="{$URL}{$Ampesand}table_sys_id={$Incident_Sys_ID}{$Ampesand}file_name={$file_name}"
                                        verb="POST">
                        <authentication>
                           <username>athena_interface-svc</username>
                           <password/>
                           <isExpressionInPassword>false</isExpressionInPassword>
                        </authentication>
                        <otherParams>
                           <otherParam name="Content-Type">application/JSON</otherParam>
                        </otherParams>
                        <body generateUsing="JSON" preserveJsonStringFormatting="true"/>
                     </restSimpleBinding>
                  </binding>
                  <output>
                     <field description=""
                            name="file_name"
                            property="file_name"
                            type="string"/>
                  </output>
               </action>
            </actions>
            <objects/>
         </businessConnector>
      </types1:Entry>
      <types1:GUID>lvmV5DQowgwckA9dRnho0O</types1:GUID>
      <types1:DisplayName>ServiceNow_Connector</types1:DisplayName>
   </types1:Item>
   <types1:CurrentServerDateTime>2019-06-14T06:00:21.656Z</types1:CurrentServerDateTime>
</aetgt:getResponse>
