objectPath,objectName,objectType,id
/Explore/Case Integration,Salesforce_Attachment_Connector,AI_SERVICE_CONNECTOR,1uNvTLjaJkveAtjWQ32Ryz
/Explore/Case Integration,Salesforce-Attachment-Connection,AI_CONNECTION,96Pu3YK2JSeimm543tN1gJ
/Explore/Case Integration,Incident_Create_Or_Update_Main_Process,PROCESS,hyqOFXHfV6RiobBHdaDdgf
/Explore/Case Integration,ServiceNow_Connector,AI_SERVICE_CONNECTOR,lvmV5DQowgwckA9dRnho0O
/Explore/Case Integration,CHS_Incident_Comment_Create_Sub_Process,PROCESS,9GSsT1sSFiUlD8AGsZHzOT
/Explore/Case Integration,Salesforce_Case_Connector,AI_SERVICE_CONNECTOR,lIacgJkcsktiWtRQTrS5GP
/Explore/Case Integration,CHS_Incident_Create_Or_Update_Sub_Process,PROCESS,kJ4CzGJFKEck5j7NdTJyyM
/Explore/Case Integration,Incident_Attachment_Create_Main_Process,PROCESS,aRGZUV58jqjbZYcERpeUKw
/Explore/Case Integration,Salesforce-Comment-Connection,AI_CONNECTION,9Z0XJhGu1svcbGImgKLeE0
/Explore/Case Integration,Incident_Comment_Create_Main_Process,PROCESS,3Z8oRyZdV0Lddl9AhlLwWO
/Explore/Case Integration,CHS_Incident_Attachment_Create_Sub_Process,PROCESS,9gVXgUdWgjYcbDgzLSpT4U
/Explore/Case Integration,Salesforce_Comment_Connector,AI_SERVICE_CONNECTOR,3nPdDEK86SzepfyfFekZw7
/Explore/Case Integration,ServicenowConnection,AI_CONNECTION,hp0FjM8WFgyhaFNZHwGbuH
/Explore,Case Integration,Project,fChvRWvwfOGlqdqS4b3Li1
/Explore/Case Integration,Salesforce-Case-Connection,AI_CONNECTION,kR9y172ggEoeqqe9azsHeO