{
  "name" : "Case Integration-1560492009966",
  "sourceOrgId" : "fbGDQTXUGqGjBNr9dqJfqY",
  "sourceOrgName" : "Athenahealth Inc",
  "exportedObjects" : [ {
    "objectGuid" : "1uNvTLjaJkveAtjWQ32Ryz",
    "objectName" : "Salesforce_Attachment_Connector",
    "objectType" : "AI_SERVICE_CONNECTOR",
    "path" : "/Explore/Case Integration",
    "metadata" : {
      "modelVersion" : {
        "major" : 1,
        "minor" : 0
      },
      "repoInfo" : {
        "repoHandle" : "GXbeKLUaaaaabbg-gt-2313121-2019-06-10T12:28:35.527Z::svc.xml"
      },
      "objectRefs" : [ ],
      "contextAttributes" : null,
      "additionalInfo" : {
        "description" : "",
        "contentType" : "application/json; charset=utf-8",
        "documentState" : "VALID"
      }
    }
  }, {
    "objectGuid" : "96Pu3YK2JSeimm543tN1gJ",
    "objectName" : "Salesforce-Attachment-Connection",
    "objectType" : "AI_CONNECTION",
    "path" : "/Explore/Case Integration",
    "metadata" : {
      "modelVersion" : {
        "major" : 1,
        "minor" : 0
      },
      "repoInfo" : {
        "repoHandle" : "dvrTdtqSLlBWlD2-gt-10866257-2019-06-10T12:29:25.059Z::conn.xml"
      },
      "objectRefs" : [ "1uNvTLjaJkveAtjWQ32Ryz" ],
      "contextAttributes" : null,
      "additionalInfo" : {
        "description" : "",
        "contentType" : "application/json; charset=utf-8",
        "documentState" : "VALID"
      }
    }
  }, {
    "objectGuid" : "hyqOFXHfV6RiobBHdaDdgf",
    "objectName" : "Incident_Create_Or_Update_Main_Process",
    "objectType" : "PROCESS",
    "path" : "/Explore/Case Integration",
    "metadata" : {
      "modelVersion" : {
        "major" : 1,
        "minor" : 0
      },
      "repoInfo" : {
        "repoHandle" : "xhFdw8jIw8jIw8j-gt-14742256-2019-06-11T18:58:17.37Z::pd.xml"
      },
      "objectRefs" : [ "kJ4CzGJFKEck5j7NdTJyyM", "kR9y172ggEoeqqe9azsHeO" ],
      "contextAttributes" : null,
      "additionalInfo" : {
        "description" : "",
        "contentType" : "application/json; charset=utf-8",
        "documentState" : "VALID"
      }
    }
  }, {
    "objectGuid" : "lvmV5DQowgwckA9dRnho0O",
    "objectName" : "ServiceNow_Connector",
    "objectType" : "AI_SERVICE_CONNECTOR",
    "path" : "/Explore/Case Integration",
    "metadata" : {
      "modelVersion" : {
        "major" : 1,
        "minor" : 0
      },
      "repoInfo" : {
        "repoHandle" : "9sRGJZx1Xmgaabc-gt-347138-2019-06-06T10:13:07.998Z::svc.xml"
      },
      "objectRefs" : [ ],
      "contextAttributes" : null,
      "additionalInfo" : {
        "description" : "This connector is used for getting incident details, creating incident, updating incident, comments, attachments.",
        "contentType" : "application/json; charset=utf-8",
        "documentState" : "VALID"
      }
    }
  }, {
    "objectGuid" : "9GSsT1sSFiUlD8AGsZHzOT",
    "objectName" : "CHS_Incident_Comment_Create_Sub_Process",
    "objectType" : "PROCESS",
    "path" : "/Explore/Case Integration",
    "metadata" : {
      "modelVersion" : {
        "major" : 1,
        "minor" : 0
      },
      "repoInfo" : {
        "repoHandle" : "4LoWSjrabcmWR7h-gt-42980-2019-06-06T12:27:31.892Z::pd.xml"
      },
      "objectRefs" : [ "hp0FjM8WFgyhaFNZHwGbuH" ],
      "contextAttributes" : null,
      "additionalInfo" : {
        "description" : "",
        "contentType" : "application/json; charset=utf-8",
        "documentState" : "VALID"
      }
    }
  }, {
    "objectGuid" : "lIacgJkcsktiWtRQTrS5GP",
    "objectName" : "Salesforce_Case_Connector",
    "objectType" : "AI_SERVICE_CONNECTOR",
    "path" : "/Explore/Case Integration",
    "metadata" : {
      "modelVersion" : {
        "major" : 1,
        "minor" : 0
      },
      "repoInfo" : {
        "repoHandle" : "XEQT53nQciSrZMS-gt-10029630-2019-06-10T05:14:33.803Z::svc.xml"
      },
      "objectRefs" : [ ],
      "contextAttributes" : null,
      "additionalInfo" : {
        "description" : "",
        "contentType" : "application/json; charset=utf-8",
        "documentState" : "VALID"
      }
    }
  }, {
    "objectGuid" : "kJ4CzGJFKEck5j7NdTJyyM",
    "objectName" : "CHS_Incident_Create_Or_Update_Sub_Process",
    "objectType" : "PROCESS",
    "path" : "/Explore/Case Integration",
    "metadata" : {
      "modelVersion" : {
        "major" : 1,
        "minor" : 0
      },
      "repoInfo" : {
        "repoHandle" : "qPiTk08jIw8jIw8-gt-47040-2019-06-06T11:36:21.258Z::pd.xml"
      },
      "objectRefs" : [ "hp0FjM8WFgyhaFNZHwGbuH", "kR9y172ggEoeqqe9azsHeO" ],
      "contextAttributes" : null,
      "additionalInfo" : {
        "description" : "",
        "contentType" : "application/json; charset=utf-8",
        "documentState" : "VALID"
      }
    }
  }, {
    "objectGuid" : "aRGZUV58jqjbZYcERpeUKw",
    "objectName" : "Incident_Attachment_Create_Main_Process",
    "objectType" : "PROCESS",
    "path" : "/Explore/Case Integration",
    "metadata" : {
      "modelVersion" : {
        "major" : 1,
        "minor" : 0
      },
      "repoInfo" : {
        "repoHandle" : "Rm49WPZ8DfYLnzY-gt-13067821-2019-06-11T07:54:07.08Z::pd.xml"
      },
      "objectRefs" : [ "96Pu3YK2JSeimm543tN1gJ", "9gVXgUdWgjYcbDgzLSpT4U", "kR9y172ggEoeqqe9azsHeO" ],
      "contextAttributes" : null,
      "additionalInfo" : {
        "description" : "",
        "contentType" : "application/json; charset=utf-8",
        "documentState" : "VALID"
      }
    }
  }, {
    "objectGuid" : "9Z0XJhGu1svcbGImgKLeE0",
    "objectName" : "Salesforce-Comment-Connection",
    "objectType" : "AI_CONNECTION",
    "path" : "/Explore/Case Integration",
    "metadata" : {
      "modelVersion" : {
        "major" : 1,
        "minor" : 0
      },
      "repoInfo" : {
        "repoHandle" : "xXlQNOQoVVVVVVV-gt-1598512-2019-06-10T10:59:49.371Z::conn.xml"
      },
      "objectRefs" : [ "3nPdDEK86SzepfyfFekZw7" ],
      "contextAttributes" : null,
      "additionalInfo" : {
        "description" : "",
        "contentType" : "application/json; charset=utf-8",
        "documentState" : "VALID"
      }
    }
  }, {
    "objectGuid" : "3Z8oRyZdV0Lddl9AhlLwWO",
    "objectName" : "Incident_Comment_Create_Main_Process",
    "objectType" : "PROCESS",
    "path" : "/Explore/Case Integration",
    "metadata" : {
      "modelVersion" : {
        "major" : 1,
        "minor" : 0
      },
      "repoInfo" : {
        "repoHandle" : "OBCQrXhNUdyOoMd-gt-4384090-2019-06-12T00:10:50.659Z::pd.xml"
      },
      "objectRefs" : [ "9Z0XJhGu1svcbGImgKLeE0", "9GSsT1sSFiUlD8AGsZHzOT" ],
      "contextAttributes" : null,
      "additionalInfo" : {
        "description" : "",
        "contentType" : "application/json; charset=utf-8",
        "documentState" : "VALID"
      }
    }
  }, {
    "objectGuid" : "9gVXgUdWgjYcbDgzLSpT4U",
    "objectName" : "CHS_Incident_Attachment_Create_Sub_Process",
    "objectType" : "PROCESS",
    "path" : "/Explore/Case Integration",
    "metadata" : {
      "modelVersion" : {
        "major" : 1,
        "minor" : 0
      },
      "repoInfo" : {
        "repoHandle" : "iSypmXbeMVX3cjk-gt-1086044-2019-06-07T07:38:43.131Z::pd.xml"
      },
      "objectRefs" : [ "96Pu3YK2JSeimm543tN1gJ", "hp0FjM8WFgyhaFNZHwGbuH" ],
      "contextAttributes" : null,
      "additionalInfo" : {
        "description" : "",
        "contentType" : "application/json; charset=utf-8",
        "documentState" : "VALID"
      }
    }
  }, {
    "objectGuid" : "3nPdDEK86SzepfyfFekZw7",
    "objectName" : "Salesforce_Comment_Connector",
    "objectType" : "AI_SERVICE_CONNECTOR",
    "path" : "/Explore/Case Integration",
    "metadata" : {
      "modelVersion" : {
        "major" : 1,
        "minor" : 0
      },
      "repoInfo" : {
        "repoHandle" : "GOkSSHCwkNmumf6-gt-10721561-2019-06-10T10:59:03.552Z::svc.xml"
      },
      "objectRefs" : [ ],
      "contextAttributes" : null,
      "additionalInfo" : {
        "description" : "",
        "contentType" : "application/json; charset=utf-8",
        "documentState" : "VALID"
      }
    }
  }, {
    "objectGuid" : "hp0FjM8WFgyhaFNZHwGbuH",
    "objectName" : "ServicenowConnection",
    "objectType" : "AI_CONNECTION",
    "path" : "/Explore/Case Integration",
    "metadata" : {
      "modelVersion" : {
        "major" : 1,
        "minor" : 0
      },
      "repoInfo" : {
        "repoHandle" : "Sp7aa-gt-365047-2019-06-06T10:28:46.72Z::conn.xml"
      },
      "objectRefs" : [ "lvmV5DQowgwckA9dRnho0O" ],
      "contextAttributes" : null,
      "additionalInfo" : {
        "description" : "",
        "contentType" : "application/json; charset=utf-8",
        "documentState" : "VALID"
      }
    }
  }, {
    "objectGuid" : "fChvRWvwfOGlqdqS4b3Li1",
    "objectName" : "Case Integration",
    "objectType" : "Project",
    "path" : "/Explore",
    "metadata" : {
      "modelVersion" : {
        "major" : 0,
        "minor" : 0
      },
      "repoInfo" : null,
      "objectRefs" : [ ],
      "contextAttributes" : [ ],
      "additionalInfo" : {
        "description" : "",
        "contentType" : "Binary",
        "documentState" : "COMPLETE"
      }
    }
  }, {
    "objectGuid" : "kR9y172ggEoeqqe9azsHeO",
    "objectName" : "Salesforce-Case-Connection",
    "objectType" : "AI_CONNECTION",
    "path" : "/Explore/Case Integration",
    "metadata" : {
      "modelVersion" : {
        "major" : 1,
        "minor" : 0
      },
      "repoInfo" : {
        "repoHandle" : "E6WdyH72yIYmWR7-gt-1550438-2019-06-10T05:22:36.489Z::conn.xml"
      },
      "objectRefs" : [ "lIacgJkcsktiWtRQTrS5GP" ],
      "contextAttributes" : null,
      "additionalInfo" : {
        "description" : "",
        "contentType" : "application/json; charset=utf-8",
        "documentState" : "VALID"
      }
    }
  } ]
}